mobile name,url,price
LG Smart 80cm (32 inch) HD Ready LED Smart TV,/lg-smart-80cm-32-inch-hd-ready-led-tv/p/itmf3xq4nmmdb6sh?pid=TVSEURNCJMSMKGG7&srno=s_1_1&otracker=search&lid=LSTTVSEURNCJMSMKGG7C0HKXV&fm=organic&iid=9402aafe-54a6-4ed4-bf3d-5a22e4c0dbde.TVSEURNCJMSMKGG7.SEARCH&qH=0e9823883e72a0ba,"₹22,999"
LG LH454A 60cm (24 inch) HD Ready LED TV,/lg-lh454a-60cm-24-inch-hd-ready-led-tv/p/itmejnn8ehkzcsbu?pid=TVSEJNN8CCZD7KZ9&srno=s_1_2&otracker=search&lid=LSTTVSEJNN8CCZD7KZ9TQCC4I&fm=organic&iid=078ccd9e-c438-4ca5-87aa-e279c9a01c96.TVSEJNN8CCZD7KZ9.SEARCH&qH=0e9823883e72a0ba,"₹10,999"
LG 108cm (43 inch) Full HD LED Smart TV 2018 Edition,/lg-108cm-43-inch-full-hd-led-smart-tv-2018/p/itmf6b4g8yuhg8y5?pid=TVSF6B4GNQNCZSYK&srno=s_1_3&otracker=search&lid=LSTTVSF6B4GNQNCZSYKWIUAK9&fm=organic&iid=62923805-5e61-40db-b0d5-6f1bbff2635a.TVSF6B4GNQNCZSYK.SEARCH&qH=0e9823883e72a0ba,"₹38,999"
LG 80cm (32 inch) HD Ready LED TV,/lg-80cm-32-inch-hd-ready-led-tv/p/itmeurnc5e8raghd?pid=TVSEURNC2QFZHEV6&srno=s_1_4&otracker=search&lid=LSTTVSEURNC2QFZHEV6KIWSYP&fm=organic&iid=c1892c20-9ebe-4762-8496-32d23d2c49b5.TVSEURNC2QFZHEV6.SEARCH&qH=0e9823883e72a0ba,"₹18,999"
LG LJ523D 80cm (32 inch) HD Ready LED TV,/lg-lj523d-80cm-32-inch-hd-ready-led-tv/p/itmeurm8jngbx8ju?pid=TVSEURM8FHVHQTU3&srno=s_1_5&otracker=search&lid=LSTTVSEURM8FHVHQTU3AUOPCZ&fm=organic&iid=bd643f87-2c38-4307-aed7-119efa2126d0.TVSEURM8FHVHQTU3.SEARCH&qH=0e9823883e72a0ba,"₹18,999"
LG 60cm (24 inch) HD Ready LED TV,/lg-60cm-24-inch-hd-ready-led-tv/p/itmeurm8gnc4ysjy?pid=TVSEURM8JRGYH2PT&srno=s_1_6&otracker=search&lid=LSTTVSEURM8JRGYH2PTAOH9JR&fm=organic&iid=83f3507a-a3d5-45d9-88f1-a008a539743b.TVSEURM8JRGYH2PT.SEARCH&qH=0e9823883e72a0ba,"₹11,999"
LG Smart 108cm (43 inch) Full HD LED Smart TV,/lg-smart-108cm-43-inch-full-hd-led-tv/p/itmf3xq4bja8gvjg?pid=TVSEURNCW8CXDWS6&srno=s_1_7&otracker=search&lid=LSTTVSEURNCW8CXDWS65MXKQN&fm=organic&iid=d5a6e640-3f2f-4ea9-85d5-b64f4f78f908.TVSEURNCW8CXDWS6.SEARCH&qH=0e9823883e72a0ba,"₹40,999"
LG Ultra HD 139cm (55 inch) Ultra HD (4K) LED Smart TV,/lg-ultra-hd-139cm-55-inch-4k-led-smart-tv/p/itmeurnckfyzvkyb?pid=TVSEURNC7XGVM4HZ&srno=s_1_8&otracker=search&lid=LSTTVSEURNC7XGVM4HZKC11ND&fm=organic&iid=9a3a2990-cf0a-4f9b-9314-aad8ce0616bc.TVSEURNC7XGVM4HZ.SEARCH&qH=0e9823883e72a0ba,"₹74,999"
LG Ultra HD 108cm (43 inch) Ultra HD (4K) LED Smart TV,/lg-ultra-hd-108cm-43-inch-4k-led-smart-tv/p/itmeurnchfc6u64v?pid=TVSEURNC6BPYHFVP&srno=s_1_9&otracker=search&lid=LSTTVSEURNC6BPYHFVPVIQMSZ&fm=organic&iid=f9df59d5-4df0-45d1-aca8-29f74260a800.TVSEURNC6BPYHFVP.SEARCH&qH=0e9823883e72a0ba,"₹49,999"
LG 139cm (55 inch) Ultra HD (4K) LED Smart TV,/lg-139cm-55-inch-ultra-hd-4k-led-smart-tv/p/itmeurnch5khfzfq?pid=TVSEURNCUTYD2FUE&srno=s_1_10&otracker=search&lid=LSTTVSEURNCUTYD2FUEFW0OIR&fm=organic&iid=eb500fce-58a6-4d70-9d0b-b06e489d081a.TVSEURNCUTYD2FUE.SEARCH&qH=0e9823883e72a0ba,"₹1,92,990"
LG 108cm (43 inch) Ultra HD (4K) LED Smart TV 2018 Edition,/lg-108cm-43-inch-ultra-hd-4k-led-smart-tv-2018/p/itmf6b4g5uvzp3kd?pid=TVSF6B4GKXDGFRAX&srno=s_1_11&otracker=search&lid=LSTTVSF6B4GKXDGFRAXCXBKRZ&fm=organic&iid=2817cf6f-0234-4e5e-806a-f62028dc7c53.TVSF6B4GKXDGFRAX.SEARCH&qH=0e9823883e72a0ba,"₹54,999"
LG 80cm (32 inch) HD Ready LED TV,/lg-80cm-32-inch-hd-ready-led-tv/p/itmeurm8etvpxfjz?pid=TVSEURM8RB33JAXX&srno=s_1_12&otracker=search&lid=LSTTVSEURM8RB33JAXXF2D6LI&fm=organic&iid=10cc7312-7bea-44ce-920a-36e6a13df7e6.TVSEURM8RB33JAXX.SEARCH&qH=0e9823883e72a0ba,"₹18,999"
LG 80cm (32 inch) HD Ready LED Smart TV 2018 Edition,/lg-80cm-32-inch-hd-ready-led-smart-tv-2018/p/itmf5zzhza7czedg?pid=TVSF5ZZHJGGR8KW2&srno=s_1_13&otracker=search&lid=LSTTVSF5ZZHJGGR8KW2Y9CRB0&fm=organic&iid=9ca4b614-a058-4830-b067-23785419e070.TVSF5ZZHJGGR8KW2.SEARCH&qH=0e9823883e72a0ba,"₹28,999"
LG Smart 108cm (43 inch) Full HD LED TV,/lg-smart-108cm-43-inch-full-hd-led-tv/p/itmeurnchhf7bmjs?pid=TVSEURNCHYGWZWPC&srno=s_1_14&otracker=search&lid=LSTTVSEURNCHYGWZWPCEPLIUM&fm=organic&iid=71af5d1d-22dd-4182-bc73-22db87f43645.TVSEURNCHYGWZWPC.SEARCH&qH=0e9823883e72a0ba,"₹36,999"
LG 139cm (55 inch) Ultra HD (4K) LED Smart TV 2018 Edition,/lg-139cm-55-inch-ultra-hd-4k-led-smart-tv-2018/p/itmf6b4g68zggndn?pid=TVSF6B4G7AGUXYAY&srno=s_1_15&otracker=search&lid=LSTTVSF6B4G7AGUXYAYPHX3CH&fm=organic&iid=57f240ea-77da-4939-a710-70809630b13f.TVSF6B4G7AGUXYAY.SEARCH&qH=0e9823883e72a0ba,"₹85,999"
LG Smart 139cm (55 inch) Full HD LED Smart TV,/lg-smart-139cm-55-inch-full-hd-led-tv/p/itmf3xq4r4ya8hpg?pid=TVSEURNCMKJDYWFY&srno=s_1_16&otracker=search&lid=LSTTVSEURNCMKJDYWFYV3ZQET&fm=organic&iid=d2a780d5-f58a-41ad-8055-9264c0761351.TVSEURNCMKJDYWFY.SEARCH&qH=0e9823883e72a0ba,"₹66,999"
LG Smart 108cm (43 inch) Full HD LED Smart TV,/lg-smart-108cm-43-inch-full-hd-led-tv/p/itmeurm8fy8yhjgz?pid=TVSEURM8EVBNYA9J&srno=s_1_17&otracker=search&lid=LSTTVSEURM8EVBNYA9JD0ZM33&fm=organic&iid=81c1cb20-e69c-4bd8-a9f5-b18ac98f547f.TVSEURM8EVBNYA9J.SEARCH&qH=0e9823883e72a0ba,"₹44,999"
LG 80cm (32 inch) HD Ready LED TV,/lg-80cm-32-inch-hd-ready-led-tv/p/itmeurm8h3skpt4s?pid=TVSEURM83HVNMXGG&srno=s_1_18&otracker=search&lid=LSTTVSEURM83HVNMXGGKLMXGT&fm=organic&iid=ea9fd7dd-fff9-4f8b-aeab-1fecfa8c414d.TVSEURM83HVNMXGG.SEARCH&qH=0e9823883e72a0ba,"₹19,499"
LG Smart 108cm (43 inch) Full HD LED TV,/lg-smart-108cm-43-inch-full-hd-led-tv/p/itmeurnc7bfgg9ta?pid=TVSEURNCYRJCMETZ&srno=s_1_19&otracker=search&lid=LSTTVSEURNCYRJCMETZN6CGKZ&fm=organic&iid=3b0c4184-97e3-4384-941b-c2088e34b20c.TVSEURNCYRJCMETZ.SEARCH&qH=0e9823883e72a0ba,"₹34,999"
LG Smart 123cm (49 inch) Full HD LED TV,/lg-smart-123cm-49-inch-full-hd-led-tv/p/itmeurncg9txumtm?pid=TVSEURNC7QB3GZHX&srno=s_1_20&otracker=search&lid=LSTTVSEURNC7QB3GZHXKWYZQB&fm=organic&iid=249b71bc-7bef-420a-b22e-1e24064db907.TVSEURNC7QB3GZHX.SEARCH&qH=0e9823883e72a0ba,"₹46,999"
LG Smart 123cm (49 inch) Full HD LED Smart TV,/lg-smart-123cm-49-inch-full-hd-led-tv/p/itmeurncmn7a9hez?pid=TVSEURNCC6HGZYGG&srno=s_1_21&otracker=search&lid=LSTTVSEURNCC6HGZYGG9YADHG&fm=organic&iid=d9878888-1d1f-4156-ba75-80f84402376a.TVSEURNCC6HGZYGG.SEARCH&qH=0e9823883e72a0ba,"₹54,999"
LG 108cm (43 inch) Full HD LED TV,/lg-108cm-43-inch-full-hd-led-tv/p/itmeurm5qzndhzgt?pid=TVSEURM5BSGYQBG3&srno=s_1_22&otracker=search&lid=LSTTVSEURM5BSGYQBG3VP4YP2&fm=organic&iid=c879b48d-9b53-4072-ad6e-54e72ffa4c5a.TVSEURM5BSGYQBG3.SEARCH&qH=0e9823883e72a0ba,"₹34,999"
LG Smart 123cm (49 inch) Ultra HD (4K) LED Smart TV,/lg-smart-123cm-49-inch-ultra-hd-4k-led-tv/p/itmeurnczzwkdw8h?pid=TVSEURNCJVAGY5DC&srno=s_1_23&otracker=search&lid=LSTTVSEURNCJVAGY5DCTMTCX6&fm=organic&iid=ad3efacd-3340-45e5-a0ab-bb90215c54d8.TVSEURNCJVAGY5DC.SEARCH&qH=0e9823883e72a0ba,"₹64,999"
LG 123cm (49 inch) Ultra HD (4K) LED Smart TV 2018 Edition,/lg-123cm-49-inch-ultra-hd-4k-led-smart-tv-2018/p/itmf6b4gjmzjmzmy?pid=TVSF6B4GTAENNKRH&srno=s_1_24&otracker=search&lid=LSTTVSF6B4GTAENNKRHUTKOXC&fm=organic&iid=11c34988-6064-47e6-ad04-dc8a2fe57e62.TVSF6B4GTAENNKRH.SEARCH&qH=0e9823883e72a0ba,"₹69,999"
