Title,URL,Author,Price
[Sponsored]Learning RSLogix 5000 Programming: Building PLC solutions with Rockwell Automation and RSLogix 5000,/gp/slredirect/picassoRedirect.html/ref=pa_sp_atf_aps_sr_pg1_1?ie=UTF8&adId=A00869842CGVT6MLKVS3N&url=https%3A%2F%2Fwww.amazon.com%2FLearning-RSLogix-5000-Programming-Automation%2Fdp%2F1784396036%2Fref%3Dsr_1_1_sspa%3Fie%3DUTF8%26qid%3D1534925537%26sr%3D8-1-spons%26keywords%3Dautomation%2Bbooks%26psc%3D1&qualifier=1534925537&id=8819014511172027&widgetName=sp_atf,by Austin Scott,"$ 39 99 "
Rise of the Robots: Technology and the Threat of a Jobless Future,https://www.amazon.com/Rise-Robots-Technology-Threat-Jobless/dp/0465097537/ref=sr_1_2?ie=UTF8&qid=1534925537&sr=8-2&keywords=automation+books,"Rise of the Robots: Technology and the Threat of a Jobless FutureJul 12, 2016","$ 11 55 "
Building Automation Systems A To Z: How To Survive In A World Full Of Bas,https://www.amazon.com/Building-Automation-Systems-Survive-World/dp/1539914488/ref=sr_1_3?ie=UTF8&qid=1534925537&sr=8-3&keywords=automation+books,"Building Automation Systems A To Z: How To Survive In A World Full Of BasDec 1, 2016","$ 125 84 "
Automate the Boring Stuff with Python: Practical Programming for Total Beginners,https://www.amazon.com/Automate-Boring-Stuff-Python-Programming/dp/1593275994/ref=sr_1_4?ie=UTF8&qid=1534925537&sr=8-4&keywords=automation+books,"Automate the Boring Stuff with Python: Practical Programming for Total BeginnersApr 14, 2015","$ 23 96 "
Learning Chef: A Guide to Configuration Management and Automation,https://www.amazon.com/Learning-Chef-Configuration-Management-Automation/dp/1491944935/ref=sr_1_5?ie=UTF8&qid=1534925537&sr=8-5&keywords=automation+books,"Learning Chef: A Guide to Configuration Management and AutomationNov 23, 2014","$ 39 83 "
Jobless Future: Sci-Tech and the Dogma of Work,https://www.amazon.com/Jobless-Future-Sci-Tech-Dogma-Work/dp/0816621942/ref=sr_1_6?ie=UTF8&qid=1534925537&sr=8-6&keywords=automation+books,"Jobless Future: Sci-Tech and the Dogma of WorkJun 22, 1995","$ 26 00 "
"Robotic Process Automation: Guide To Building Software Robots, Automate Repetitive Tasks & Become An RPA Consultant",https://www.amazon.com/Robotic-Process-Automation-Repetitive-Consultant/dp/1983036838/ref=sr_1_7?ie=UTF8&qid=1534925537&sr=8-7&keywords=automation+books,by Richard Murdoch,"$ 5 58 "
"The Future of Leadership: Rise of Automation, Robotics and Artificial Intelligence",https://www.amazon.com/Future-Leadership-Automation-Artificial-Intelligence/dp/9769609218/ref=sr_1_8?ie=UTF8&qid=1534925537&sr=8-8&keywords=automation+books,"The Future of Leadership: Rise of Automation, Robotics and Artificial IntelligenceOct 6, 2017",
The Rise Of The Robots,https://www.amazon.com/Rise-Robots-Paxton-Collins/dp/B01ABDA2VC/ref=sr_1_9?ie=UTF8&qid=1534925537&sr=8-9&keywords=automation+books,"The Rise Of The Robots2016

NR


CC",
[Sponsored]Life 3.0: Being Human in the Age of Artificial Intelligence,/gp/slredirect/picassoRedirect.html/ref=pa_sp_mtf_aps_sr_pg1_1?ie=UTF8&adId=A09209462DBA7NMUVWI72&url=https%3A%2F%2Fwww.amazon.com%2FLife-3-0-Being-Artificial-Intelligence%2Fdp%2F1101970316%2Fref%3Dsr_1_10_sspa%3Fie%3DUTF8%26qid%3D1534925537%26sr%3D8-10-spons%26keywords%3Dautomation%2Bbooks%26psc%3D1&qualifier=1534925537&id=8819014511172027&widgetName=sp_mtf,"[Sponsored]Life 3.0: Being Human in the Age of Artificial IntelligenceJul 31, 2018","$ 13 60 "
[Sponsored]Home Attitude: Everything You Need To Know To Make Your Home Smart,/gp/slredirect/picassoRedirect.html/ref=pa_sp_mtf_aps_sr_pg1_2?ie=UTF8&adId=A0170072VJ6VZOF0SPQU&url=https%3A%2F%2Fwww.amazon.com%2FHome-Attitude-Everything-Need-Smart-ebook%2Fdp%2FB0784D4LBK%2Fref%3Dsr_1_11_sspa%3Fie%3DUTF8%26qid%3D1534925537%26sr%3D8-11-spons%26keywords%3Dautomation%2Bbooks%26psc%3D1&qualifier=1534925537&id=8819014511172027&widgetName=sp_mtf,"[Sponsored]Home Attitude: Everything You Need To Know To Make Your Home SmartNov 22, 2017","$ 4 49 "
AWS Automation Cookbook: Continuous Integration and Continuous Deployment using AWS services,https://www.amazon.com/AWS-Automation-Cookbook-Continuous-Integration/dp/1788394925/ref=sr_1_12?ie=UTF8&qid=1534925537&sr=8-12&keywords=automation+books,by Nikit Swaraj,"$ 39 99 "
"Python Crash Course: A Hands-On, Project-Based Introduction to Programming",https://www.amazon.com/Python-Crash-Course-Hands-Project-Based/dp/1593276036/ref=sr_1_13?ie=UTF8&qid=1534925537&sr=8-13&keywords=automation+books,"Python Crash Course: A Hands-On, Project-Based Introduction to ProgrammingNov 1, 2015","$ 27 16 "
Stop Coding: Learn to test automate without coding and get that automation testing job,https://www.amazon.com/Stop-Coding-automate-without-automation-ebook/dp/B07B74V474/ref=sr_1_14?ie=UTF8&qid=1534925537&sr=8-14&keywords=automation+books,"Stop Coding: Learn to test automate without coding and get that automation testing jobMar 3, 2018","$ 0 00 "
Home Attitude: Everything You Need To Know To Make Your Home Smart,https://www.amazon.com/Home-Attitude-Everything-Need-Smart/dp/1542710197/ref=sr_1_15?ie=UTF8&qid=1534925537&sr=8-15&keywords=automation+books,"Home Attitude: Everything You Need To Know To Make Your Home SmartNov 14, 2017","$ 14 99 "
Learning Robotic Process Automation: Create Software robots and automate business processes with the leading RPA tool – UiPath,https://www.amazon.com/Learning-Robotic-Process-Automation-processes/dp/178847094X/ref=sr_1_16?ie=UTF8&qid=1534925537&sr=8-16&keywords=automation+books,by Alok Mani Tripathi,"$ 49 99 "
"Best-Selling House Plans, Completely Updated & Revised 3rd Edition (Creative Homeowner) 375 Dream-Home Plans in Full Color; Special Sections on Home Automation, Home Design Trends, Curb Appeal, More",https://www.amazon.com/Best-Selling-Completely-Homeowner-Dream-Home-Automation/dp/1580117619/ref=sr_1_17?ie=UTF8&qid=1534925537&sr=8-17&keywords=automation+books,by Creative Homeowner,"$ 8 19 "
Martin Ford's Rise of the Robots: Technology and the Threat of a Jobless Future Summary,https://www.amazon.com/Martin-Fords-Rise-Robots-Technology/dp/B01H7I92MO/ref=sr_1_18?ie=UTF8&qid=1534925537&sr=8-18&keywords=automation+books,"Martin Ford's Rise of the Robots: Technology and the Threat of a Jobless Future SummaryJun 20, 2016 | Unabridged",
Network Programmability and Automation: Skills for the Next-Generation Network Engineer,https://www.amazon.com/Network-Programmability-Automation-Next-Generation-Engineer/dp/1491931256/ref=sr_1_19?ie=UTF8&qid=1534925537&sr=8-19&keywords=automation+books,"Network Programmability and Automation: Skills for the Next-Generation Network EngineerMar 4, 2018","$ 31 70 "
[Sponsored]Raspberry Pi 3: The Ultimate Guide on how to design and build your own projects with Raspberry Pi 3,/gp/slredirect/picassoRedirect.html/ref=pa_sp_btf_aps_sr_pg1_3?ie=UTF8&adId=A07515491OJA59SXB3UU7&url=https%3A%2F%2Fwww.amazon.com%2FRaspberry-Pi-Ultimate-design-projects-ebook%2Fdp%2FB071LRHT72%2Fref%3Dsr_1_20_sspa%3Fie%3DUTF8%26qid%3D1534925537%26sr%3D8-20-spons%26keywords%3Dautomation%2Bbooks%26psc%3D1&qualifier=1534925537&id=8819014511172027&widgetName=sp_btf,by Paul Laurence,"$ 2 99 "
[Sponsored]The Man Who Saw Tomorrow: The Life and Inventions of Stanford R. Ovshinsky (The MIT Press),/gp/slredirect/picassoRedirect.html/ref=pa_sp_btf_aps_sr_pg1_2?ie=UTF8&adId=A004960132PLDPPE6JA40&url=https%3A%2F%2Fwww.amazon.com%2FMan-Who-Saw-Tomorrow-Inventions%2Fdp%2F026203753X%2Fref%3Dsr_1_21_sspa%3Fie%3DUTF8%26qid%3D1534925537%26sr%3D8-21-spons%26keywords%3Dautomation%2Bbooks%26psc%3D1&qualifier=1534925537&id=8819014511172027&widgetName=sp_btf,"[Sponsored]The Man Who Saw Tomorrow: The Life and Inventions of Stanford R. Ovshinsky (The MIT Press)Apr 20, 2018","$ 28 32 "
"[Sponsored]Ultimate Guide: Wiring, 8th Updated Edition (Creative Homeowner) DIY Home Electrical Installations & Repairs from New Switches to Indoor & Outdoor Lighting with Step-by-Step Photos (Ultimate Guides)",/gp/slredirect/picassoRedirect.html/ref=pa_sp_btf_aps_sr_pg1_1?ie=UTF8&adId=A06530871BDKTNO6QZ0Z4&url=https%3A%2F%2Fwww.amazon.com%2FUltimate-Guide-Installations-Step-Step%2Fdp%2F1580117872%2Fref%3Dsr_1_22_sspa%3Fie%3DUTF8%26qid%3D1534925537%26sr%3D8-22-spons%26keywords%3Dautomation%2Bbooks%26psc%3D1&qualifier=1534925537&id=8819014511172027&widgetName=sp_btf,by Editors of Creative Homeowner,"$ 13 59 "
"[Sponsored]The Ultimate Guide To Amazon Alexa: How You Can Get the Most Out of your Personal Assistant (Echo, Second Generation Echo Show, Look, Plus, Spot, ... App, Alexa Dot, Alexa Tips, App",/gp/slredirect/picassoRedirect.html/ref=pa_sp_atf_next_aps_sr_pg1_1?ie=UTF8&adId=A10466422B4NB01ZOINK2&url=https%3A%2F%2Fwww.amazon.com%2FUltimate-Guide-Amazon-Alexa-Generation-ebook%2Fdp%2FB07B65RGGC%2Fref%3Dsr_1_17_sspa%3Fie%3DUTF8%26qid%3D1534925973%26sr%3D8-17-spons%26keywords%3Dautomation%2Bbooks%26psc%3D1&qualifier=1534925537&id=4301944450296132&widgetName=sp_atf_next,by Dave Andrew,"$ 0 00 "
[Sponsored]The Quick Guide to Robotics and Artificial Intelligence: Surviving the Automation Revolution for Beginners,/gp/slredirect/picassoRedirect.html/ref=pa_sp_atf_next_aps_sr_pg1_2?ie=UTF8&adId=A09335722JII24U92YMIF&url=https%3A%2F%2Fwww.amazon.com%2FQuick-Guide-Robotics-Artificial-Intelligence-ebook%2Fdp%2FB073SLVWN1%2Fref%3Dsr_1_18_sspa%3Fie%3DUTF8%26qid%3D1534925973%26sr%3D8-18-spons%26keywords%3Dautomation%2Bbooks%26psc%3D1&qualifier=1534925537&id=4301944450296132&widgetName=sp_atf_next,by Alex Nkenchor Uwajeh,
"Mastering Python Networking: Your one stop solution to using Python for network automation, DevOps, and SDN",https://www.amazon.com/Mastering-Python-Networking-solution-automation/dp/1784397008/ref=sr_1_19?ie=UTF8&qid=1534925973&sr=8-19&keywords=automation+books,by Eric Chou,"$ 49 99 "
Introduction to Industrial Automation,https://www.amazon.com/Introduction-Industrial-Automation-Stamatios-Manesis/dp/1498705405/ref=sr_1_20?ie=UTF8&qid=1534925973&sr=8-20&keywords=automation+books,"Introduction to Industrial AutomationApr 11, 2018","$ 103 55 "
Test Automation using Selenium WebDriver with Java: Step by Step Guide,https://www.amazon.com/Test-Automation-using-Selenium-WebDriver/dp/0992293510/ref=sr_1_21?ie=UTF8&qid=1534925973&sr=8-21&keywords=automation+books,"Test Automation using Selenium WebDriver with Java: Step by Step GuideDec 11, 2014","$ 42 00 "
"Smart Home Automation Essential Guides Box Set: The box set includes the first seven books of the Smart Home Automation Essential Guides series, plus a bonus book about Wearable devices",https://www.amazon.com/Smart-Home-Automation-Essential-Guides-ebook/dp/B00YIUMVXC/ref=sr_1_22?ie=UTF8&qid=1534925973&sr=8-22&keywords=automation+books,by Gerard O'Driscoll,
"Selenium Framework Design in Data-Driven Testing: Build data-driven test frameworks using Selenium WebDriver, AppiumDriver, Java, and TestNG",https://www.amazon.com/Selenium-Framework-Design-Data-Driven-Testing/dp/1788473574/ref=sr_1_23?ie=UTF8&qid=1534925973&sr=8-23&keywords=automation+books,by Carl Cocchiaro,"$ 44 99 "
Microsoft Azure Essentials Azure Automation,https://www.amazon.com/Microsoft-Azure-Essentials-Automation-ebook/dp/B00WL2734G/ref=sr_1_24?ie=UTF8&qid=1534925973&sr=8-24&keywords=automation+books,"Microsoft Azure Essentials Azure AutomationApr 10, 2015","$ 0 00 "
"Test Automation  best practices: ""Won the Best Automation Book Award in TestKit 2014""",https://www.amazon.com/Test-Automation-best-practices-TestKit-ebook/dp/B0098QJP12/ref=sr_1_25?ie=UTF8&qid=1534925973&sr=8-25&keywords=automation+books,"Test Automation  best practices: ""Won the Best Automation Book Award in TestKit 2014""Nov 7, 2013",
Introduction to Algorithmic Marketing: Artificial Intelligence for Marketing Operations,https://www.amazon.com/Introduction-Algorithmic-Marketing-Artificial-Intelligence/dp/0692142606/ref=sr_1_26?ie=UTF8&qid=1534925973&sr=8-26&keywords=automation+books,"Introduction to Algorithmic Marketing: Artificial Intelligence for Marketing OperationsDec 1, 2017","$ 24 20 "
Windows Server 2016 Automation with PowerShell Cookbook - Second Edition: Automate manual administrative tasks with ease,https://www.amazon.com/Windows-Server-Automation-PowerShell-Cookbook/dp/1787122042/ref=sr_1_27?ie=UTF8&qid=1534925973&sr=8-27&keywords=automation+books,by Thomas Lee,"$ 56 99 "
"Raspberry Pi 3 Home Automation Projects: Bringing your home to life using Raspberry Pi 3, Arduino, and ESP8266",https://www.amazon.com/Raspberry-Pi-Home-Automation-Projects/dp/1783283874/ref=sr_1_28?ie=UTF8&qid=1534925973&sr=8-28&keywords=automation+books,by Shantanu Bhadoria and Ruben Oliva Ramos,"$ 34 99 "
PLC Programming Using RSLogix 500: Ladder Logic Diagnostics & Troubleshooting! (Volume 3),https://www.amazon.com/PLC-Programming-Using-RSLogix-Troubleshooting/dp/1517594138/ref=sr_1_29?ie=UTF8&qid=1534925973&sr=8-29&keywords=automation+books,"PLC Programming Using RSLogix 500: Ladder Logic Diagnostics & Troubleshooting! (Volume 3)Sep 29, 2015","$ 12 95 "
The Sales Funnel Book: How To Multiply Your Business With Marketing Automation,https://www.amazon.com/Sales-Funnel-Book-Marketing-Automation/dp/1540488098/ref=sr_1_30?ie=UTF8&qid=1534925973&sr=8-30&keywords=automation+books,"The Sales Funnel Book: How To Multiply Your Business With Marketing AutomationNov 1, 2016 | Large Print","$ 11 43 "
"[Sponsored]Home Automation - A Smart Home Guide: The Beginner’s Manual Including Google Home, Echo Dot and Amazon Alexa. Easy Instructions, Directions and Commands ... and Home Automation Guide Series Book 1)",/gp/slredirect/picassoRedirect.html/ref=pa_sp_atf_next_aps_sr_pg3_1?ie=UTF8&adId=A090614163U2IYAYJT8Y&url=https%3A%2F%2Fwww.amazon.com%2FHome-Automation-Beginners-Instructions-Directions-ebook%2Fdp%2FB01MY2B5R2%2Fref%3Dsr_1_33_sspa%3Fie%3DUTF8%26qid%3D1534925975%26sr%3D8-33-spons%26keywords%3Dautomation%2Bbooks%26psc%3D1&qualifier=1534925975&id=2352179101551701&widgetName=sp_atf_next,by Frederic Marsh,"$ 2 99 "
Home Automation with the ESP8266: Build Home Automation Systems Using the Powerful & Cheap ESP8266 WiFi Chip,https://www.amazon.com/Home-Automation-ESP8266-Systems-Powerful/dp/152381005X/ref=sr_1_34?ie=UTF8&qid=1534925975&sr=8-34&keywords=automation+books,by Marco Schwartz,"$ 12 99 "
Technology of War: Air Power,https://www.amazon.com/Technology-War-Power-Ernie-Schultz/dp/B01HU56XJ4/ref=sr_1_35?ie=UTF8&qid=1534925975&sr=8-35&keywords=automation+books,"Technology of War: Air Power2016

CC",
Learning RSLogix 5000 Programming: Building PLC solutions with Rockwell Automation and RSLogix 5000,https://www.amazon.com/Learning-RSLogix-5000-Programming-Automation/dp/1784396036/ref=sr_1_36?ie=UTF8&qid=1534925975&sr=8-36&keywords=automation+books,by Austin Scott,"$ 39 99 "
Marketing Automation For Dummies (For Dummies Series),https://www.amazon.com/Marketing-Automation-Dummies-Mathew-Sweezey/dp/1118772229/ref=sr_1_37?ie=UTF8&qid=1534925975&sr=8-37&keywords=automation+books,"Marketing Automation For Dummies (For Dummies Series)Apr 4, 2014","$ 14 84 "
Puppet By Example: A selection of practical puppet examples and explanations,https://www.amazon.com/Puppet-Example-selection-practical-explanations-ebook/dp/B074SB7DF4/ref=sr_1_38?ie=UTF8&qid=1534925975&sr=8-38&keywords=automation+books,"Puppet By Example: A selection of practical puppet examples and explanationsAug 12, 2017",
Programmable Logic Controllers,https://www.amazon.com/Programmable-Logic-Controllers-Frank-Petruzella/dp/0073373842/ref=sr_1_39?ie=UTF8&qid=1534925975&sr=8-39&keywords=automation+books,"Programmable Logic ControllersJan 13, 2016","$ 44 98 "
"How to Setup a Raspberry Pi Web Server: Web Sites, Home Automation, Security Cameras and Email",https://www.amazon.com/How-Setup-Raspberry-Web-Server/dp/1548690937/ref=sr_1_40?ie=UTF8&qid=1534925975&sr=8-40&keywords=automation+books,by Michael Wright,"$ 25 50 "
"Amazon Echo Dot: Essential User Guide for Echo Dot and Alexa: Beginner to Pro in 60 Minutes (Amazon Echo, Echo Dot, Amazon Echo Dot, Amazon Dot, Alexa, Amazon Alexa, Amazon Echo Manual, Alexa Manual)",https://www.amazon.com/Amazon-Echo-Dot-Essential-Beginner-ebook/dp/B06X95BTH4/ref=sr_1_41?ie=UTF8&qid=1534925975&sr=8-41&keywords=automation+books,by William Scott,
Autonomy: The Quest to Build the Driverless Car - And How It Will Reshape Our World,https://www.amazon.com/Autonomy-Quest-Build-Driverless-Reshape/dp/B07F7BTXMW/ref=sr_1_42?ie=UTF8&qid=1534925975&sr=8-42&keywords=automation+books,"Autonomy: The Quest to Build the Driverless Car - And How It Will Reshape Our WorldAug 28, 2018 | Unabridged",
Mix Automation for the Small Recording Studio,https://www.amazon.com/Mix-Automation-Small-Recording-Studio/dp/1985065029/ref=sr_1_43?ie=UTF8&qid=1534925975&sr=8-43&keywords=automation+books,"Mix Automation for the Small Recording StudioMay 25, 2018","$ 6 99 "
Artificial Intelligence: 101 Things You Must Know Today About Our Future,https://www.amazon.com/Artificial-Intelligence-Things-Today-Future/dp/1982048808/ref=sr_1_44?ie=UTF8&qid=1534925975&sr=8-44&keywords=automation+books,"Artificial Intelligence: 101 Things You Must Know Today About Our FutureJan 29, 2018","$ 13 84 "
"Home Automation - A Smart Home Guide: The Beginner’s Manual Including Google Home, Echo Dot and Amazon Alexa. Easy Instructions, Directions and Commands ... and Home Automation Guide Series Book 1)",https://www.amazon.com/Home-Automation-Beginners-Instructions-Directions-ebook/dp/B01MY2B5R2/ref=sr_1_45?ie=UTF8&qid=1534925975&sr=8-45&keywords=automation+books,by Frederic Marsh,
"The Future of Work: Robots, AI, and Automation",https://www.amazon.com/Future-Work-Robots-AI-Automation/dp/0815732937/ref=sr_1_46?ie=UTF8&qid=1534925975&sr=8-46&keywords=automation+books,"The Future of Work: Robots, AI, and AutomationMay 15, 2018","$ 17 19 "
"Automate and Grow: A Blueprint for Startups, Small and Medium Businesses to Automate Marketing, Sales and Customer Support",https://www.amazon.com/Automate-Grow-Blueprint-Businesses-Marketing/dp/1977842216/ref=sr_1_47?ie=UTF8&qid=1534925975&sr=8-47&keywords=automation+books,by Michael Devellano,"$ 12 99 "
Life 3.0: Being Human in the Age of Artificial Intelligence,https://www.amazon.com/Life-3-0-Being-Artificial-Intelligence/dp/1101970316/ref=sr_1_48?ie=UTF8&qid=1534925975&sr=8-48&keywords=automation+books,"Life 3.0: Being Human in the Age of Artificial IntelligenceJul 31, 2018","$ 13 60 "
How to automate your own ICT Department (IT Automation Book 2),https://www.amazon.com/automate-your-Department-Automation-Book-ebook/dp/B00AGJL4LE/ref=sr_1_49?ie=UTF8&qid=1534925975&sr=8-49&keywords=automation+books,"How to automate your own ICT Department (IT Automation Book 2)Nov 30, 2012",
PLC III Virtual PLC Programming and Simulator Software Ladder and Logic Function Easy Automation,https://www.amazon.com/Programming-Simulator-Software-Function-Automation/dp/B00G72L9SW/ref=sr_1_49?ie=UTF8&qid=1534925978&sr=8-49&keywords=automation+books,by Electrodepot,
Automation and Robotics,https://www.amazon.com/Appmaster-Automation-and-Robotics/dp/B071GJT9FC/ref=sr_1_50?ie=UTF8&qid=1534925978&sr=8-50&keywords=automation+books,"Automation and RoboticsJun 11, 2017",
Python Playground: Geeky Projects for the Curious Programmer,https://www.amazon.com/Python-Playground-Projects-Curious-Programmer/dp/1593276044/ref=sr_1_51?ie=UTF8&qid=1534925978&sr=8-51&keywords=automation+books,"Python Playground: Geeky Projects for the Curious ProgrammerOct 1, 2015","$ 23 96 "
"Continuous Delivery: Reliable Software Releases through Build, Test, and Deployment Automation (Addison-Wesley Signature Series (Fowler))",https://www.amazon.com/Continuous-Delivery-Deployment-Automation-Addison-Wesley/dp/0321601912/ref=sr_1_52?ie=UTF8&qid=1534925978&sr=8-52&keywords=automation+books,by Jez Humble and David Farley,"$ 31 15 "
Rockwell Automation 4 Stickers 4X4 inches Car Bumper Window Sticker Decal,https://www.amazon.com/Rockwell-Automation-Stickers-inches-Sticker/dp/B07FXX8S8X/ref=sr_1_53?ie=UTF8&qid=1534925978&sr=8-53&keywords=automation+books,Rockwell Automation 4 Stickers 4X4 inches Car Bumper Window Sticker Decal,
"SAP Sales Cloud (SAP Hybris Cloud for Sales, SAP Hybris C4C): Sales Force Automation with SAP C/4HANA (SAP PRESS)",https://www.amazon.com/SAP-Sales-Cloud-Hybris-C4C/dp/1493215280/ref=sr_1_54?ie=UTF8&qid=1534925978&sr=8-54&keywords=automation+books,by Sanjjeev K. Singh and Karan Sood,"$ 79 95 "
Scenic Automation Handbook,https://www.amazon.com/Scenic-Automation-Handbook-Gareth-Conner/dp/1138850276/ref=sr_1_55?ie=UTF8&qid=1534925978&sr=8-55&keywords=automation+books,"Scenic Automation HandbookApr 21, 2018","$ 64 95 "
AUTOMATION (1998 IM) 1-3 the complete series,https://www.amazon.com/AUTOMATION-1998-IM-1-3-complete/dp/B01GOSRZ04/ref=sr_1_56?ie=UTF8&qid=1534925978&sr=8-56&keywords=automation+books,AUTOMATION (1998 IM) 1-3 the complete series,
Chef Infrastructure Automation Cookbook - Second Edition,https://www.amazon.com/Chef-Infrastructure-Automation-Cookbook-Second/dp/178528794X/ref=sr_1_57?ie=UTF8&qid=1534925978&sr=8-57&keywords=automation+books,"Chef Infrastructure Automation Cookbook - Second EditionMay 29, 2015","$ 40 49 "
Marketing Automation Foundation: Eliminating Unproductive Marketing,https://www.amazon.com/Marketing-Automation-Foundation-Eliminating-Unproductive/dp/1521309248/ref=sr_1_58?ie=UTF8&qid=1534925978&sr=8-58&keywords=automation+books,"Marketing Automation Foundation: Eliminating Unproductive MarketingMay 14, 2017","$ 16 95 "
Mastering Excel Macros: PowerPoint Automation (Book 7),https://www.amazon.com/Mastering-Excel-Macros-PowerPoint-Automation-ebook/dp/B00XNCD6PI/ref=sr_1_59?ie=UTF8&qid=1534925978&sr=8-59&keywords=automation+books,"Mastering Excel Macros: PowerPoint Automation (Book 7)May 13, 2015",
Pipe Shelf Bracket Holder 2PCS/SET Industrial With Screws Vintage Retro Black Iron Storage Holders Home Decor Bookshelf Support,https://www.amazon.com/Bracket-Industrial-Vintage-Decor-Bookshelf/dp/B07228KR8P/ref=sr_1_60?ie=UTF8&qid=1534925978&sr=8-60&keywords=automation+books,by LEO_Home Decor,
Automation Made Easy: Everything You Wanted to Know about Automation--and Need to Ask,https://www.amazon.com/Automation-Made-Easy-Everything-Automation/dp/1936007061/ref=sr_1_65?ie=UTF8&qid=1534925980&sr=8-65&keywords=automation+books,"Automation Made Easy: Everything You Wanted to Know about Automation--and Need to AskJul 10, 2009","$ 77 17 "
Mastering Python Networking Facts,https://www.amazon.com/Network-Automation-Nerds-LLC-Networking/dp/B0775562VH/ref=sr_1_66?ie=UTF8&qid=1534925980&sr=8-66&keywords=automation+books,Mastering Python Networking Facts,
"Ansible 2 Cloud Automation Cookbook: Write Ansible playbooks for AWS, Google Cloud, Microsoft Azure, and OpenStack",https://www.amazon.com/Ansible-Cloud-Automation-Cookbook-playbooks/dp/178829582X/ref=sr_1_67?ie=UTF8&qid=1534925980&sr=8-67&keywords=automation+books,by Aditya Patawari and Vikas Aggarwal,"$ 34 99 "
"LtrottedJ Lot Wooden Spoon, Bamboo Kitchen Cooking Utensil Tool Soup Teaspoon Catering",https://www.amazon.com/LtrottedJ-Kitchen-Cooking-Teaspoon-Catering/dp/B07DQMF3ZX/ref=sr_1_68?ie=UTF8&qid=1534925980&sr=8-68&keywords=automation+books,"LtrottedJ Lot Wooden Spoon, Bamboo Kitchen Cooking Utensil Tool Soup Teaspoon Catering",
Access 2016 Bible,https://www.amazon.com/Access-2016-Bible-Michael-Alexander/dp/111908654X/ref=sr_1_69?ie=UTF8&qid=1534925980&sr=8-69&keywords=automation+books,"Access 2016 BibleNov 2, 2015","$ 16 13 "
Mastering vRealize Automation 7.1: Implementing Cloud Management in the Enterprise Environment,https://www.amazon.com/Mastering-vRealize-Automation-7-1-Implementing/dp/1539470962/ref=sr_1_70?ie=UTF8&qid=1534925980&sr=8-70&keywords=automation+books,by Dr. Guido Soeldner and Dr. Constantin Soeldner,"$ 49 99 "
Account-Based Marketing For Dummies (For Dummies (Business & Personal Finance)),https://www.amazon.com/Account-Based-Marketing-Dummies-Business-Personal/dp/1119224853/ref=sr_1_71?ie=UTF8&qid=1534925980&sr=8-71&keywords=automation+books,"Account-Based Marketing For Dummies (For Dummies (Business & Personal Finance))Apr 15, 2016","$ 18 35 "
NOVA Volume 15,https://www.amazon.com/Rise-of-the-Robots/dp/B01BN09A10/ref=sr_1_72?ie=UTF8&qid=1534925980&sr=8-72&keywords=automation+books,"NOVA Volume 152016

CC","$ 2 99-$ 19 99 "
Apple?s Homekit Smart Home Automation System Handbook: Discover How to Build Your Own Smart Home Using Apple’s New HomeKit System (Smart Home Automation Essential Guides) (Volume 7),https://www.amazon.com/Apple-Homekit-Automation-System-Handbook/dp/1523211849/ref=sr_1_73?ie=UTF8&qid=1534925980&sr=8-73&keywords=automation+books,by Mr Gerard O'Driscoll,"$ 9 99 "
Process Automation Handbook: A Guide to Theory and Practice,https://www.amazon.com/Process-Automation-Handbook-Theory-Practice-ebook/dp/B00DZ12PYU/ref=sr_1_74?ie=UTF8&qid=1534925980&sr=8-74&keywords=automation+books,"Process Automation Handbook: A Guide to Theory and PracticeDec 22, 2007","$ 255 20 "
Our Final Invention: Artificial Intelligence and the End of the Human Era,https://www.amazon.com/Our-Final-Invention-Artificial-Intelligence/dp/1250058783/ref=sr_1_75?ie=UTF8&qid=1534925980&sr=8-75&keywords=automation+books,"Our Final Invention: Artificial Intelligence and the End of the Human EraFeb 14, 2015","$ 5 76 "
Test Automation in the Real World: Practical Lessons for Automated Testing,https://www.amazon.com/Test-Automation-Real-World-Practical/dp/1520745923/ref=sr_1_76?ie=UTF8&qid=1534925980&sr=8-76&keywords=automation+books,"Test Automation in the Real World: Practical Lessons for Automated TestingMar 5, 2017","$ 19 99 "
"Mastering Business Social Media Marketing Theory & Practice: book covers the fundamental facts & strategies, automation & advanced ideas & tips on corporate social marketing for businesses & beyond",https://www.amazon.com/Mastering-Business-Social-Marketing-Practice/dp/1973224631/ref=sr_1_81?ie=UTF8&qid=1534925981&sr=8-81&keywords=automation+books,by Neil Hoechlin,"$ 13 99 "
"CONTROL VALVE HANDBOOK (Fisher, Emerson Automation Solutions) 5th Edition",https://www.amazon.com/CONTROL-HANDBOOK-Emerson-Automation-Solutions/dp/B07942RN5H/ref=sr_1_82?ie=UTF8&qid=1534925981&sr=8-82&keywords=automation+books,"CONTROL VALVE HANDBOOK (Fisher, Emerson Automation Solutions) 5th Edition2017",
Linux Command Line and Shell Scripting Bible,https://www.amazon.com/Linux-Command-Shell-Scripting-Bible/dp/111898384X/ref=sr_1_83?ie=UTF8&qid=1534925981&sr=8-83&keywords=automation+books,"Linux Command Line and Shell Scripting BibleJan 9, 2015","$ 20 32 "
Building Automation: Control Devices and Applications,https://www.amazon.com/Building-Automation-Control-Devices-Applications/dp/0826920004/ref=sr_1_84?ie=UTF8&qid=1534925981&sr=8-84&keywords=automation+books,"Building Automation: Control Devices and ApplicationsJan 1, 2008","$ 73 00 "
Robotic Process Automation,https://www.amazon.com/Robotic-Process-Automation-Florian-Quarre/dp/1492043001/ref=sr_1_85?ie=UTF8&qid=1534925981&sr=8-85&keywords=automation+books,"Robotic Process AutomationFeb 4, 2019","$ 59 99 "
Supply Chain Management For Dummies (For Dummies (Business & Personal Finance)),https://www.amazon.com/Management-Dummies-Business-Personal-Finance/dp/1119410193/ref=sr_1_86?ie=UTF8&qid=1534925981&sr=8-86&keywords=automation+books,"Supply Chain Management For Dummies (For Dummies (Business & Personal Finance))Nov 29, 2017","$ 19 88 "
Arduino Workshop: A Hands-On Introduction with 65 Projects,https://www.amazon.com/Arduino-Workshop-Hands-Introduction-Projects/dp/1593274483/ref=sr_1_87?ie=UTF8&qid=1534925981&sr=8-87&keywords=automation+books,"Arduino Workshop: A Hands-On Introduction with 65 ProjectsMay 13, 2013","$ 19 12 "
Essential Guide to Smart Home Automation Safety & Security: Use Home Automation to Increase Your Families Safety Levels (Smart Home Automation Essential Guides Book 1),https://www.amazon.com/Essential-Guide-Automation-Safety-Security-ebook/dp/B00ON74HTG/ref=sr_1_88?ie=UTF8&qid=1534925981&sr=8-88&keywords=automation+books,by Gerard O'Driscoll,"$ 0 00 "
The Site Reliability Workbook: Practical Ways to Implement SRE,https://www.amazon.com/Site-Reliability-Workbook-Practical-Implement/dp/1492029505/ref=sr_1_89?ie=UTF8&qid=1534925981&sr=8-89&keywords=automation+books,"The Site Reliability Workbook: Practical Ways to Implement SREAug 4, 2018","$ 35 48 "
Ultimate Dragon Coloring Books for men: Coloring pages For Adults,https://www.amazon.com/Ultimate-Dragon-Coloring-Books-men/dp/1973847302/ref=sr_1_90?ie=UTF8&qid=1534925981&sr=8-90&keywords=automation+books,"Ultimate Dragon Coloring Books for men: Coloring pages For AdultsJul 24, 2017","$ 6 99 "
Site Reliability Engineering: How Google Runs Production Systems,https://www.amazon.com/Site-Reliability-Engineering-Production-Systems/dp/149192912X/ref=sr_1_91?ie=UTF8&qid=1534925981&sr=8-91&keywords=automation+books,"Site Reliability Engineering: How Google Runs Production SystemsApr 16, 2016","$ 29 48 "
How to Automate ICT Maintenance (ICT Automation Book 1),https://www.amazon.com/How-Automate-Maintenance-Automation-Book-ebook/dp/B00AG162BY/ref=sr_1_92?ie=UTF8&qid=1534925981&sr=8-92&keywords=automation+books,"How to Automate ICT Maintenance (ICT Automation Book 1)Nov 29, 2012",
The Site Reliability Workbook: Practical Ways to Implement SRE,https://www.amazon.com/Site-Reliability-Workbook-Practical-Implement/dp/1492029505/ref=sr_1_97?ie=UTF8&qid=1534925983&sr=8-97&keywords=automation+books,"The Site Reliability Workbook: Practical Ways to Implement SREAug 4, 2018","$ 35 48 "
Ultimate Dragon Coloring Books for men: Coloring pages For Adults,https://www.amazon.com/Ultimate-Dragon-Coloring-Books-men/dp/1973847302/ref=sr_1_98?ie=UTF8&qid=1534925983&sr=8-98&keywords=automation+books,"Ultimate Dragon Coloring Books for men: Coloring pages For AdultsJul 24, 2017","$ 6 99 "
LiPing Student Workers Reading LED Table Lamp Work Night Light Clip-On Reading Lamp Book light Book Reader Mini Bright Desk Lamps (Red),https://www.amazon.com/LiPing-Student-Workers-Reading-Reader/dp/B07DHHLLDQ/ref=sr_1_99?ie=UTF8&qid=1534925983&sr=8-99&keywords=automation+books,by LiPing,
Site Reliability Engineering: How Google Runs Production Systems,https://www.amazon.com/Site-Reliability-Engineering-Production-Systems/dp/149192912X/ref=sr_1_100?ie=UTF8&qid=1534925983&sr=8-100&keywords=automation+books,"Site Reliability Engineering: How Google Runs Production SystemsApr 16, 2016","$ 29 48 "
How to Automate ICT Maintenance (ICT Automation Book 1),https://www.amazon.com/How-Automate-Maintenance-Automation-Book-ebook/dp/B00AG162BY/ref=sr_1_101?ie=UTF8&qid=1534925983&sr=8-101&keywords=automation+books,"How to Automate ICT Maintenance (ICT Automation Book 1)Nov 29, 2012",
Essential Guide to Samsung SmartThings Smart Home Automation System: A Practical Guide to on How to Use SmartThings Home Automation in Your Everyday Life. ... Home Automation Essential Guides Book 6),https://www.amazon.com/Essential-Samsung-SmartThings-Automation-System-ebook/dp/B018R29UXA/ref=sr_1_102?ie=UTF8&qid=1534925983&sr=8-102&keywords=automation+books,by Gerard O'Driscoll,
"PLC Development Software IEC FBD and Ladder logic functions with Automation training course, CD",https://www.amazon.com/Development-Software-functions-Automation-training/dp/B00QQSSCW8/ref=sr_1_103?ie=UTF8&qid=1534925983&sr=8-103&keywords=automation+books,by Migro,
Shelly Cashman Series Microsoft Office 365 & Excel 2016: Comprehensive (MindTap Course List),https://www.amazon.com/Shelly-Cashman-Microsoft-Office-Excel/dp/1305870727/ref=sr_1_104?ie=UTF8&qid=1534925983&sr=8-104&keywords=automation+books,by Steven M. Freund and Joy L. Starks,"$ 25 38 "
Linear Robust Control (Dover Books on Electrical Engineering),https://www.amazon.com/Linear-Robust-Control-Electrical-Engineering/dp/0486488365/ref=sr_1_105?ie=UTF8&qid=1534925983&sr=8-105&keywords=automation+books,"Linear Robust Control (Dover Books on Electrical Engineering)Aug 22, 2012","$ 18 84 "
The Glass Cage: How Our Computers Are Changing Us,https://www.amazon.com/Glass-Cage-How-Computers-Changing/dp/0393351637/ref=sr_1_106?ie=UTF8&qid=1534925983&sr=8-106&keywords=automation+books,"The Glass Cage: How Our Computers Are Changing UsSep 8, 2015","$ 11 99 "
Assembly Automation,https://www.amazon.com/Assembly-Automation-Frank-Riley/dp/0831130415/ref=sr_1_107?ie=UTF8&qid=1534925983&sr=8-107&keywords=automation+books,"Assembly AutomationJan 1, 1996","$ 59 95 "
"Instrument and Automation Engineers' Handbook: Process Measurement and Analysis, Fifth Edition - Two Volume Set",https://www.amazon.com/Instrument-Automation-Engineers-Handbook-Measurement/dp/1466559322/ref=sr_1_108?ie=UTF8&qid=1534925983&sr=8-108&keywords=automation+books,by Bela G. Liptak and Kriszta Venczel,"$ 165 00 "
Robotics Flashcards,https://www.amazon.com/MOTION-PIX-THEATER-Robotics-Flashcards/dp/B01LIYXZCG/ref=sr_1_113?ie=UTF8&qid=1534925985&sr=8-113&keywords=automation+books,"Robotics FlashcardsOct 25, 2016",
"Time March 9 1959 Farm Automation, Farmer Warren North",https://www.amazon.com/March-Automation-Farmer-Warren-North/dp/B0165OC2EG/ref=sr_1_114?ie=UTF8&qid=1534925985&sr=8-114&keywords=automation+books,"Time March 9 1959 Farm Automation, Farmer Warren North",
Python: A Beginners’ Guide to Python Programming to automate the boring tasks and learn coding fast,https://www.amazon.com/Python-Beginners-Programming-automate-boring-ebook/dp/B01M8O594W/ref=sr_1_115?ie=UTF8&qid=1534925985&sr=8-115&keywords=automation+books,by John Slavio,"$ 4 99 "
Wooden Storage Box Jewelry Case Retro Desktop Book Finishing European-Style Antique Wooden Gift Boxes Makeup Organizer,https://www.amazon.com/Storage-Jewelry-Finishing-European-Style-Organizer/dp/B071D8BDJ9/ref=sr_1_116?ie=UTF8&qid=1534925985&sr=8-116&keywords=automation+books,by LEO_Home Decor,
Army of None: Autonomous Weapons and the Future of War,https://www.amazon.com/Army-None-Autonomous-Weapons-Future/dp/0393608980/ref=sr_1_117?ie=UTF8&qid=1534925985&sr=8-117&keywords=automation+books,"Army of None: Autonomous Weapons and the Future of WarApr 24, 2018","$ 16 38 "
Windows Server 2012 Automation with PowerShell Cookbook,https://www.amazon.com/Windows-Server-Automation-PowerShell-Cookbook/dp/1849689466/ref=sr_1_118?ie=UTF8&qid=1534925985&sr=8-118&keywords=automation+books,"Windows Server 2012 Automation with PowerShell CookbookMar 26, 2013","$ 49 99 "
"Control of Nonlinear Systems via PI, PD and PID: Stability and Performance (Automation and Control Engineering)",https://www.amazon.com/Control-Nonlinear-Systems-via-PID/dp/1138317640/ref=sr_1_119?ie=UTF8&qid=1534925985&sr=8-119&keywords=automation+books,by Yong-Duan Song,"$ 142 45 "
"MASTERING ONLINE MARKETING - Create business success through content marketing, lead generation, and marketing automation.: Learn email marketing, search ... and Entrepreneurship Series Book 1)",https://www.amazon.com/MASTERING-ONLINE-MARKETING-automation-Entrepreneurship-ebook/dp/B0154B2FL6/ref=sr_1_120?ie=UTF8&qid=1534925985&sr=8-120&keywords=automation+books,by Magnus Unemyr,"$ 0 00 "
"Email Marketing Rules: Checklists, Frameworks, and 150 Best Practices for Business Success",https://www.amazon.com/Email-Marketing-Rules-Checklists-Frameworks/dp/1546910638/ref=sr_1_121?ie=UTF8&qid=1534925985&sr=8-121&keywords=automation+books,by Chad S. White,"$ 19 99 "
Introduction to the ControlLogix Programmable Automation Controller with Labs,https://www.amazon.com/Introduction-ControlLogix-Programmable-Automation-Controller/dp/1111539294/ref=sr_1_122?ie=UTF8&qid=1534925985&sr=8-122&keywords=automation+books,"Introduction to the ControlLogix Programmable Automation Controller with LabsFeb 28, 2013","$ 53 83 "
Hands-On Enterprise Automation with Python: Automate common administrative and security tasks with Python,https://www.amazon.com/Hands-Enterprise-Automation-Python-administrative/dp/1788998510/ref=sr_1_123?ie=UTF8&qid=1534925985&sr=8-123&keywords=automation+books,by Bassem Aly,"$ 39 99 "
Hybrid Dynamical Systems,https://www.amazon.com/Hybrid-Dynamical-Systems-Andrey-Savkin/dp/0817642242/ref=sr_1_124?ie=UTF8&qid=1534925985&sr=8-124&keywords=automation+books,"Hybrid Dynamical SystemsJul 10, 2002","$ 101 86 "
LiPing Angel DIY Exquisite Modeling Metal Cutting Dies Stencils Creative Cutting Dies Stamp Stencils Scrapbooking Photo Album Greeting Gift Card Decor Craft (A),https://www.amazon.com/LiPing-Exquisite-Modeling-Stencils-Scrapbooking/dp/B07DL79M2W/ref=sr_1_129?ie=UTF8&qid=1534925986&sr=8-129&keywords=automation+books,by LiPing,
The Biml Book: Business Intelligence and Data Warehouse Automation,https://www.amazon.com/Biml-Book-Intelligence-Warehouse-Automation/dp/1484231341/ref=sr_1_130?ie=UTF8&qid=1534925986&sr=8-130&keywords=automation+books,"The Biml Book: Business Intelligence and Data Warehouse AutomationOct 31, 2017","$ 49 89 "
Automation: The Advent of the Automatic Factory,https://www.amazon.com/Automation-Automatic-Factory-John-Diebold/dp/B000WVU6LU/ref=sr_1_131?ie=UTF8&qid=1534925986&sr=8-131&keywords=automation+books,Automation: The Advent of the Automatic Factory1952,
Ladder Logic Programming: Program PLC’s using Ladder Logic concepts on RS Logix 500 platform,https://www.amazon.com/Ladder-Logic-Programming-concepts-platform/dp/1980677654/ref=sr_1_132?ie=UTF8&qid=1534925986&sr=8-132&keywords=automation+books,by Matt Phillips,"$ 16 38 "
DevOps & Microservices Handbook: Non-Programmer’s Guide to DevOps and Microservices,https://www.amazon.com/DevOps-Microservices-Handbook-Non-Programmers-Guide-ebook/dp/B07CRJDL6C/ref=sr_1_133?ie=UTF8&qid=1534925986&sr=8-133&keywords=automation+books,"DevOps & Microservices Handbook: Non-Programmer’s Guide to DevOps and MicroservicesApr 29, 2018","$ 3 57 "
The First Book of Machines,https://www.amazon.com/First-Book-Machines-Walter-Buehr/dp/0692973958/ref=sr_1_134?ie=UTF8&qid=1534925986&sr=8-134&keywords=automation+books,"The First Book of MachinesNov 1, 2017","$ 16 89 "
The Flash American Comic Pet Supplies Dog Hoodies Charming Cozy Small Dog Costumes,https://www.amazon.com/American-Supplies-Hoodies-Charming-Costumes/dp/B01E8I3S30/ref=sr_1_135?ie=UTF8&qid=1534925986&sr=8-135&keywords=automation+books,The Flash American Comic Pet Supplies Dog Hoodies Charming Cozy Small Dog Costumes,
The Robots are Coming: A Human's Survival Guide to Profiting in the Age of Automation,https://www.amazon.com/Robots-are-Coming-Profiting-Automation/dp/1612436692/ref=sr_1_136?ie=UTF8&qid=1534925986&sr=8-136&keywords=automation+books,"The Robots are Coming: A Human's Survival Guide to Profiting in the Age of AutomationMay 16, 2017","$ 12 63 "
"got transfusion? - Stainless Steel 20oz Road Ready Water Bottle, White",https://www.amazon.com/got-transfusion-Stainless-Steel-Bottle/dp/B07GNC23WD/ref=sr_1_137?ie=UTF8&qid=1534925986&sr=8-137&keywords=automation+books,"got transfusion? - Stainless Steel 20oz Road Ready Water Bottle, White",
"Technology In Action Complete (14th Edition) (Evans, Martin & Poatsy, Technology in Action Series)",https://www.amazon.com/Technology-Action-Complete-Martin-Poatsy/dp/0134608224/ref=sr_1_138?ie=UTF8&qid=1534925986&sr=8-138&keywords=automation+books,by Alan Evans and Kendall Martin,"$ 13 72 "
Automation: Problem and Solution,https://www.amazon.com/Automation-Problem-Solution-Oswald-Mosley/dp/1908476613/ref=sr_1_139?ie=UTF8&qid=1534925986&sr=8-139&keywords=automation+books,"Automation: Problem and SolutionApr 10, 2012","$ 6 00 "
"Automation, Production Systems, and Computer-Integrated Manufacturing (3rd Edition)",https://www.amazon.com/Automation-Production-Systems-Computer-Integrated-Manufacturing/dp/0132393212/ref=sr_1_140?ie=UTF8&qid=1534925986&sr=8-140&keywords=automation+books,"Automation, Production Systems, and Computer-Integrated Manufacturing (3rd Edition)Aug 3, 2007 | HD DVD",
Business Process Automation with ProcessMaker 3.1: A Beginner’s Guide,https://www.amazon.com/Business-Process-Automation-ProcessMaker-3-1/dp/1484233441/ref=sr_1_145?ie=UTF8&qid=1534925988&sr=8-145&keywords=automation+books,"Business Process Automation with ProcessMaker 3.1: A Beginner’s GuideDec 2, 2017","$ 19 92 "
The BIG Book of Alexa Commands: An Independent Guide for Alexa and Amazon Echo Dot. 2000 Fun and Useful Commands to make Amazon Alexa do what YOU want. ... Intelligence Guides Series Book 1),https://www.amazon.com/BIG-Book-Alexa-Commands-Intelligence-ebook/dp/B01MZYIVWZ/ref=sr_1_146?ie=UTF8&qid=1534925988&sr=8-146&keywords=automation+books,by Echomeister,
Marketing Automation: A complete guide for the complete beginners,https://www.amazon.com/Marketing-Automation-complete-guide-beginners-ebook/dp/B01N9CUQ0F/ref=sr_1_147?ie=UTF8&qid=1534925988&sr=8-147&keywords=automation+books,"Marketing Automation: A complete guide for the complete beginnersDec 7, 2016",
The Sales Funnel Book v2.0: The Simple Plan To Multiply Your Business With Marketing Automation,https://www.amazon.com/Sales-Funnel-Book-v2-0-Automation/dp/1719205280/ref=sr_1_148?ie=UTF8&qid=1534925988&sr=8-148&keywords=automation+books,by Nathan Williams,"$ 11 43 "
"Instrumentation, Automation, IoT and Emerging Technologies for Engineers: Handbook",https://www.amazon.com/Instrumentation-Automation-Emerging-Technologies-Engineers/dp/198088093X/ref=sr_1_149?ie=UTF8&qid=1534925988&sr=8-149&keywords=automation+books,"Instrumentation, Automation, IoT and Emerging Technologies for Engineers: HandbookJul 6, 2018","$ 9 00 "
Test Automation using Microsoft Coded UI with C#: Step by Step Guide,https://www.amazon.com/Test-Automation-using-Microsoft-Coded/dp/0992293545/ref=sr_1_150?ie=UTF8&qid=1534925988&sr=8-150&keywords=automation+books,"Test Automation using Microsoft Coded UI with C#: Step by Step GuideOct 10, 2016","$ 45 87 "
C++ All-in-One For Dummies,https://www.amazon.com/All-One-Dummies-John-Mueller/dp/1118823788/ref=sr_1_151?ie=UTF8&qid=1534925988&sr=8-151&keywords=automation+books,"C++ All-in-One For DummiesAug 18, 2014","$ 16 24 "
Warehouse and Distribution Automation Handbook,https://www.amazon.com/Warehouse-Distribution-Automation-Handbook-Terry/dp/0070004005/ref=sr_1_152?ie=UTF8&qid=1534925988&sr=8-152&keywords=automation+books,"Warehouse and Distribution Automation HandbookJun 27, 1996",
DevOps Automation Cookbook,https://www.amazon.com/DevOps-Automation-Cookbook-Michael-Duffy/dp/1784392820/ref=sr_1_153?ie=UTF8&qid=1534925988&sr=8-153&keywords=automation+books,"DevOps Automation CookbookNov 26, 2015","$ 44 99 "
Variable Frequency Drives: Installation & Troubleshooting! (Practical Guides for the Industrial Technician!) (Volume 2),https://www.amazon.com/Variable-Frequency-Drives-Installation-Troubleshooting/dp/150277089X/ref=sr_1_154?ie=UTF8&qid=1534925988&sr=8-154&keywords=automation+books,by Gary D Anderson,"$ 12 95 "
"Library Automation: Core Concepts and Practical Systems Analysis, 3rd Edition",https://www.amazon.com/Library-Automation-Concepts-Practical-Analysis/dp/1591589223/ref=sr_1_155?ie=UTF8&qid=1534925988&sr=8-155&keywords=automation+books,"Library Automation: Core Concepts and Practical Systems Analysis, 3rd EditionMar 26, 2014","$ 55 00 "
Ten Arguments for Deleting Your Social Media Accounts Right Now,https://www.amazon.com/Arguments-Deleting-Social-Media-Accounts/dp/125019668X/ref=sr_1_156?ie=UTF8&qid=1534925988&sr=8-156&keywords=automation+books,"Ten Arguments for Deleting Your Social Media Accounts Right NowMay 29, 2018","$ 12 60 "
Robot-Proof: Higher Education in the Age of Artificial Intelligence (The MIT Press),https://www.amazon.com/Robot-Proof-Higher-Education-Artificial-Intelligence/dp/0262037289/ref=sr_1_161?ie=UTF8&qid=1534925990&sr=8-161&keywords=automation+books,"Robot-Proof: Higher Education in the Age of Artificial Intelligence (The MIT Press)Aug 25, 2017","$ 18 00 "
Springer Handbook of Automation (Springer Handbooks),https://www.amazon.com/Springer-Handbook-Automation-Handbooks/dp/3540788301/ref=sr_1_162?ie=UTF8&qid=1534925990&sr=8-162&keywords=automation+books,"Springer Handbook of Automation (Springer Handbooks)Aug 27, 2009","$ 185 95 "
Debugging: The 9 Indispensable Rules for Finding Even the Most Elusive Software and Hardware Problems,https://www.amazon.com/Debugging-Indispensable-Software-Hardware-Problems/dp/0814474578/ref=sr_1_163?ie=UTF8&qid=1534925990&sr=8-163&keywords=automation+books,by David J Agans,"$ 14 44 "
"The Automation, Systems, and Instrumentation Dictionary",https://www.amazon.com/Automation-Systems-Instrumentation-Dictionary/dp/155617778X/ref=sr_1_164?ie=UTF8&qid=1534925990&sr=8-164&keywords=automation+books,"The Automation, Systems, and Instrumentation DictionaryOct 1, 2002","$ 99 00 "
VMware vRealize Automation Handbook: Implementing Cloud Management in the Enterprise Environment,https://www.amazon.com/VMware-vRealize-Automation-Handbook-Implementing/dp/1515264335/ref=sr_1_165?ie=UTF8&qid=1534925990&sr=8-165&keywords=automation+books,by Dr. Guido Soeldner and Jens-Henrik Soeldner,"$ 44 95 "
The Ultimate Guide to Project Management: Learn everything you need to successfully manage projects and get them done (Zapier App Guides Book 6),https://www.amazon.com/Ultimate-Guide-Project-Management-successfully-ebook/dp/B01GEOYK3S/ref=sr_1_166?ie=UTF8&qid=1534925990&sr=8-166&keywords=automation+books,by Matthew Guay and Danny Schreiber,"$ 0 00 "
"Productivity: Save Time & Get Things Done: A 30-minute Life Hacks Book on Productivity, Time Management, Goal Setting and Getting Things Done. (The 30' ... books to do better and feel better 1)",https://www.amazon.com/Productivity-30-minute-Management-Setting-Getting-ebook/dp/B071X2KRQP/ref=sr_1_167?ie=UTF8&qid=1534925990&sr=8-167&keywords=automation+books,by Life Hacks Books,"$ 0 99 "
Machine Intelligence in Design Automation: A Brief Overview,https://www.amazon.com/Machine-Intelligence-Design-Automation-Overview-ebook/dp/B07FLRGW8Z/ref=sr_1_168?ie=UTF8&qid=1534925990&sr=8-168&keywords=automation+books,"Machine Intelligence in Design Automation: A Brief OverviewJul 14, 2018",
PHP – HTML for a multilevel menu (IT Easy Solutions Programming & Office Automation Book 0),https://www.amazon.com/PHP-multilevel-Solutions-Programming-Automation-ebook/dp/B010OS41ZM/ref=sr_1_169?ie=UTF8&qid=1534925990&sr=8-169&keywords=automation+books,by GIAN pIERO tARICCO,
"MICRA #5, VF/NM, Mind Controlled Remote Automation, Comics Interview, 1986 1987",https://www.amazon.com/Controlled-Remote-Automation-Comics-Interview/dp/B079K7WQW3/ref=sr_1_170?ie=UTF8&qid=1534925990&sr=8-170&keywords=automation+books,"MICRA #5, VF/NM, Mind Controlled Remote Automation, Comics Interview, 1986 1987",
Getting Started with CNC: Personal Digital Fabrication with Shapeoko and Other Computer-Controlled Routers (Make),https://www.amazon.com/Getting-Started-CNC-Fabrication-Computer-Controlled/dp/1457183366/ref=sr_1_171?ie=UTF8&qid=1534925990&sr=8-171&keywords=automation+books,by Edward Ford,"$ 10 99 "
Robotics & Artificial Intelligence Flashcards - Full Version,https://www.amazon.com/Robotics-Artificial-Intelligence-Flashcards-Version/dp/B01M0VTEA7/ref=sr_1_172?ie=UTF8&qid=1534925990&sr=8-172&keywords=automation+books,"Robotics & Artificial Intelligence Flashcards - Full VersionDec 5, 2016",
Pipe Shelf Bracket Holder 2PCS/SET Industrial With Screws Vintage Retro Black Iron Storage Holders Home Decor Bookshelf Support,https://www.amazon.com/Bracket-Industrial-Vintage-Decor-Bookshelf/dp/B07228KR8P/ref=sr_1_177?ie=UTF8&qid=1534925992&sr=8-177&keywords=automation+books,by LEO_Home Decor,
Machine Intelligence in Design Automation,https://www.amazon.com/Machine-Intelligence-Design-Automation-Sharma/dp/1980554358/ref=sr_1_178?ie=UTF8&qid=1534925992&sr=8-178&keywords=automation+books,"Machine Intelligence in Design AutomationMar 13, 2018","$ 179 00 "
Marketing Automation and Online Marketing: Automate Your Business through Marketing Best Practices such as Email Marketing and Search Engine Optimization,https://www.amazon.com/Marketing-Automation-Online-Practices-Optimization/dp/1980796750/ref=sr_1_179?ie=UTF8&qid=1534925992&sr=8-179&keywords=automation+books,by George Pain,"$ 19 99 "
Automating with STEP 7 in STL and SCL: SIMATIC S7-300/400 Programmable Controllers,https://www.amazon.com/Automating-STEP-STL-SCL-Programmable/dp/3895784125/ref=sr_1_180?ie=UTF8&qid=1534925992&sr=8-180&keywords=automation+books,"Automating with STEP 7 in STL and SCL: SIMATIC S7-300/400 Programmable ControllersAug 7, 2012","$ 82 95 "
LiPing Persian Cat Series Heavy Metal Durable Universal Business Bookends Decorative Gift for Bookshelf Office School Library and Home (C),https://www.amazon.com/LiPing-Universal-Business-Decorative-Bookshelf/dp/B07F6DTBV7/ref=sr_1_181?ie=UTF8&qid=1534925992&sr=8-181&keywords=automation+books,by LiPing,
Automate the Boring Stuff with PowerShell: A Guide for Sysadmins,https://www.amazon.com/Automate-Boring-Stuff-PowerShell-Sysadmins/dp/1593279183/ref=sr_1_182?ie=UTF8&qid=1534925992&sr=8-182&keywords=automation+books,"Automate the Boring Stuff with PowerShell: A Guide for SysadminsFeb 12, 2019","$ 29 95 "
Reinventing Jobs: A 4-Step Approach for Applying Automation to Work,https://www.amazon.com/Reinventing-Jobs-Approach-Applying-Automation/dp/1633694070/ref=sr_1_183?ie=UTF8&qid=1534925992&sr=8-183&keywords=automation+books,"Reinventing Jobs: A 4-Step Approach for Applying Automation to WorkOct 9, 2018","$ 32 00 "
"Arduino Project Handbook, Volume 2: 25 Simple Electronics Projects for Beginners",https://www.amazon.com/Arduino-Project-Handbook-Electronics-Beginners/dp/1593278187/ref=sr_1_184?ie=UTF8&qid=1534925992&sr=8-184&keywords=automation+books,"Arduino Project Handbook, Volume 2: 25 Simple Electronics Projects for BeginnersAug 29, 2017","$ 16 96 "
¡Sálvese quien pueda!: El futuro del trabajo en la era de la automatización (Rad Women) (Spanish Edition),https://www.amazon.com/%C2%A1S%C3%A1lvese-quien-pueda-trabajo-automatizaci%C3%B3n/dp/052556487X/ref=sr_1_185?ie=UTF8&qid=1534925992&sr=8-185&keywords=automation+books,by Andres Oppenheimer,"$ 16 95 "
"Machine, Platform, Crowd: Harnessing Our Digital Future",https://www.amazon.com/Machine-Platform-Crowd-Harnessing-Digital/dp/0393254291/ref=sr_1_186?ie=UTF8&qid=1534925992&sr=8-186&keywords=automation+books,"Machine, Platform, Crowd: Harnessing Our Digital FutureJun 27, 2017","$ 19 68 "
Feedback Control of Dynamic Systems (8th Edition) (What's New in Engineering),https://www.amazon.com/Feedback-Control-Dynamic-Systems-Engineering/dp/0134685717/ref=sr_1_187?ie=UTF8&qid=1534925992&sr=8-187&keywords=automation+books,"Feedback Control of Dynamic Systems (8th Edition) (What's New in Engineering)Feb 1, 2018","$ 85 82 "
The TAB Book of Arduino Projects: 36 Things to Make with Shields and Proto Shields,https://www.amazon.com/TAB-Book-Arduino-Projects-Shields/dp/0071790675/ref=sr_1_188?ie=UTF8&qid=1534925992&sr=8-188&keywords=automation+books,"The TAB Book of Arduino Projects: 36 Things to Make with Shields and Proto ShieldsOct 2, 2014","$ 27 00 "
RSLogix 5000: Understanding ControlLogix Basics,https://www.amazon.com/RSLogix-5000-Understanding-ControlLogix-Basics/dp/1544858647/ref=sr_1_193?ie=UTF8&qid=1534925994&sr=8-193&keywords=automation+books,"RSLogix 5000: Understanding ControlLogix BasicsMar 22, 2017","$ 13 95 "
Robotics and Automation Handbook,https://www.amazon.com/Robotics-Automation-Handbook-Thomas-Kurfess/dp/0849318041/ref=sr_1_194?ie=UTF8&qid=1534925994&sr=8-194&keywords=automation+books,"Robotics and Automation HandbookJun 15, 2004","$ 219 66 "
PLC Programming Using RSLogix 500: Advanced Programming Concepts! (Volume 2),https://www.amazon.com/PLC-Programming-Using-RSLogix-500/dp/1515165981/ref=sr_1_195?ie=UTF8&qid=1534925994&sr=8-195&keywords=automation+books,"PLC Programming Using RSLogix 500: Advanced Programming Concepts! (Volume 2)Jul 20, 2015","$ 12 95 "
Chef Infrastructure Automation Cookbook,https://www.amazon.com/Infrastructure-Automation-Cookbook-Matthias-Marschall/dp/1849519226/ref=sr_1_196?ie=UTF8&qid=1534925994&sr=8-196&keywords=automation+books,"Chef Infrastructure Automation CookbookAug 26, 2013","$ 44 99 "
Metallica Thrash Metal Band Pet Dog Shirt Personalized Cheap Dog Clothes,https://www.amazon.com/Metallica-Thrash-Metal-Personalized-Clothes/dp/B01DZUZQ1O/ref=sr_1_197?ie=UTF8&qid=1534925994&sr=8-197&keywords=automation+books,Metallica Thrash Metal Band Pet Dog Shirt Personalized Cheap Dog Clothes,
"Automate This: How Algorithms Took Over Our Markets, Our Jobs, and the World",https://www.amazon.com/Automate-This-Algorithms-Markets-World/dp/1591846528/ref=sr_1_198?ie=UTF8&qid=1534925994&sr=8-198&keywords=automation+books,"Automate This: How Algorithms Took Over Our Markets, Our Jobs, and the WorldAug 27, 2013","$ 11 16 "
Just Enough Software Test Automation,https://www.amazon.com/Just-Enough-Software-Test-Automation/dp/0130084689/ref=sr_1_199?ie=UTF8&qid=1534925994&sr=8-199&keywords=automation+books,"Just Enough Software Test AutomationJul 15, 2002","$ 41 50 "
LiPing All kinds of DIY Exquisite Modeling Metal Cutting Dies Stencils Creative Cutting Dies Stamp Stencils Scrapbooking Photo Album Greeting Gift Card Decor Craft (B),https://www.amazon.com/LiPing-Exquisite-Modeling-Stencils-Scrapbooking/dp/B07DFHXL2P/ref=sr_1_200?ie=UTF8&qid=1534925994&sr=8-200&keywords=automation+books,by LiPing,
Amazon Echo Plus User Guide Newbie to Expert in 1 Hour! (Echo & Alexa),https://www.amazon.com/Amazon-Guide-Newbie-Expert-Alexa/dp/1979839980/ref=sr_1_201?ie=UTF8&qid=1534925994&sr=8-201&keywords=automation+books,"Amazon Echo Plus User Guide Newbie to Expert in 1 Hour! (Echo & Alexa)Nov 19, 2017","$ 10 95 "
Bitwise: A Life in Code,https://www.amazon.com/Bitwise-Life-Code-David-Auerbach/dp/1101871296/ref=sr_1_202?ie=UTF8&qid=1534925994&sr=8-202&keywords=automation+books,"Bitwise: A Life in CodeAug 28, 2018","$ 27 95 "
AIQ: How People and Machines Are Smarter Together,https://www.amazon.com/AIQ-People-Machines-Smarter-Together/dp/1250182158/ref=sr_1_203?ie=UTF8&qid=1534925994&sr=8-203&keywords=automation+books,"AIQ: How People and Machines Are Smarter TogetherMay 15, 2018","$ 14 84 "
Software Test Automation,https://www.amazon.com/Software-Test-Automation-Mark-Fewster/dp/0201331403/ref=sr_1_204?ie=UTF8&qid=1534925994&sr=8-204&keywords=automation+books,"Software Test AutomationSep 4, 1999",
MyLab IT with Pearson eText -- Access Card -- for Your Office: Microsoft Office 2016,https://www.amazon.com/MyLab-Pearson-eText-Access-Office/dp/0134487257/ref=sr_1_209?ie=UTF8&qid=1534925995&sr=8-209&keywords=automation+books,"MyLab IT with Pearson eText -- Access Card -- for Your Office: Microsoft Office 2016Apr 25, 2016 | Student Edition","$ 111 85 "
"Robotic Process Automation Tools, Process Automation and Their Benefits: Understanding Rpa and Intelligent Automation",https://www.amazon.com/Robotic-Process-Automation-Tools-Benefits/dp/B07F1GZL9D/ref=sr_1_210?ie=UTF8&qid=1534925995&sr=8-210&keywords=automation+books,by Srikanth Merianda and Russell Newton,
"Secure Processors Part I: Background, Taxonomy for Secure Enclaves and Intel SGX Architecture (Foundations and Trends(r) in Electronic Design Automation)",https://www.amazon.com/Secure-Processors-Part-Architecture-Foundations/dp/1680833006/ref=sr_1_211?ie=UTF8&qid=1534925995&sr=8-211&keywords=automation+books,by Victor Costan and Ilia Lebedev,"$ 99 00 "
Mastering Excel Macros: FileSystemObject (Book 8),https://www.amazon.com/Mastering-Excel-Macros-FileSystemObject-Book-ebook/dp/B012HWB7CS/ref=sr_1_212?ie=UTF8&qid=1534925995&sr=8-212&keywords=automation+books,"Mastering Excel Macros: FileSystemObject (Book 8)Jul 24, 2015",
"Rapid Roboting: Recent Advances on 3D Printers and Robotics (Intelligent Systems, Control and Automation: Science and Engineering)",https://www.amazon.com/Rapid-Roboting-Intelligent-Automation-Engineering/dp/3319400010/ref=sr_1_213?ie=UTF8&qid=1534925995&sr=8-213&keywords=automation+books,by Fernando Alfredo Auat Cheein and Pablo Andrés Prieto Cabrera,"$ 129 00 "
Programming with MicroPython: Embedded Programming with Microcontrollers and Python,https://www.amazon.com/Programming-MicroPython-Embedded-Microcontrollers-Python/dp/1491972734/ref=sr_1_214?ie=UTF8&qid=1534925995&sr=8-214&keywords=automation+books,"Programming with MicroPython: Embedded Programming with Microcontrollers and PythonOct 13, 2017","$ 34 88 "
The Ultimate Guide to G Suite: Everything you need to set up and administer Google's apps for your business (Zapier App Guides Book 9),https://www.amazon.com/Ultimate-Guide-Suite-Everything-administer-ebook/dp/B071F5MTZ1/ref=sr_1_215?ie=UTF8&qid=1534925995&sr=8-215&keywords=automation+books,by Matthew Guay and Weston Thayer,"$ 0 00 "
"Handbook of Design, Manufacturing and Automation",https://www.amazon.com/Handbook-Design-Manufacturing-Automation-Richard/dp/0471552186/ref=sr_1_216?ie=UTF8&qid=1534925995&sr=8-216&keywords=automation+books,"Handbook of Design, Manufacturing and AutomationAug 1994","$ 82 00 "
CNC Control Setup for Milling and Turning,https://www.amazon.com/CNC-Control-Setup-Milling-Turning/dp/0831133503/ref=sr_1_217?ie=UTF8&qid=1534925995&sr=8-217&keywords=automation+books,"CNC Control Setup for Milling and TurningJan 15, 2010","$ 12 28 "
"SAM 2010 Assessment, Training, and Projects v2.0 Printed Access Card",https://www.amazon.com/Assessment-Training-Projects-Printed-Access/dp/1111667373/ref=sr_1_218?ie=UTF8&qid=1534925995&sr=8-218&keywords=automation+books,"SAM 2010 Assessment, Training, and Projects v2.0 Printed Access CardMay 17, 2011","$ 17 00 "
Modern Control Engineering (5th Edition),https://www.amazon.com/Modern-Control-Engineering-Katsuhiko-Ogata/dp/0136156738/ref=sr_1_219?ie=UTF8&qid=1534925995&sr=8-219&keywords=automation+books,"Modern Control Engineering (5th Edition)Sep 4, 2009","$ 37 99 "
Omegamation Prodeck - Norman Rockwell - Complete Automation Handbook and Encyclopedia Card Deck (2008),https://www.amazon.com/Omegamation-Prodeck-Rockwell-Automation-Encyclopedia/dp/B00WNXJHJ2/ref=sr_1_220?ie=UTF8&qid=1534925995&sr=8-220&keywords=automation+books,by NormR,
Experiences of Test Automation: Case Studies of Software Test Automation,https://www.amazon.com/Experiences-Test-Automation-Studies-Software/dp/0321754069/ref=sr_1_225?ie=UTF8&qid=1534925997&sr=8-225&keywords=automation+books,"Experiences of Test Automation: Case Studies of Software Test AutomationJan 9, 2012","$ 44 81 "
Microsoft System Center 2016 Orchestrator Cookbook - Second Edition: Simplify the automation of your administrative tasks,https://www.amazon.com/Microsoft-System-Center-Orchestrator-Cookbook/dp/1786460467/ref=sr_1_226?ie=UTF8&qid=1534925997&sr=8-226&keywords=automation+books,by Michael Seidl and Andreas Baumgarten,"$ 59 99 "
Learn PLC Basics,https://www.amazon.com/shrihari-suryawanshi-Learn-PLC-Basics/dp/B07BGDR1VK/ref=sr_1_227?ie=UTF8&qid=1534925997&sr=8-227&keywords=automation+books,"Learn PLC BasicsMar 15, 2018",
Enterprise Architecture As Strategy: Creating a Foundation for Business Execution,https://www.amazon.com/Enterprise-Architecture-Strategy-Foundation-Execution/dp/1591398398/ref=sr_1_228?ie=UTF8&qid=1534925997&sr=8-228&keywords=automation+books,"Enterprise Architecture As Strategy: Creating a Foundation for Business ExecutionAug 1, 2006","$ 18 80 "
"MICRA #4, VF/NM, Mind Controlled Remote Automation, Comics Interview, 1986 1987",https://www.amazon.com/Controlled-Remote-Automation-Comics-Interview/dp/B079K6LLHV/ref=sr_1_229?ie=UTF8&qid=1534925997&sr=8-229&keywords=automation+books,"MICRA #4, VF/NM, Mind Controlled Remote Automation, Comics Interview, 1986 1987",
Procedures & Theory for Administrative Professionals,https://www.amazon.com/Procedures-Theory-Administrative-Professionals-Karin/dp/111157586X/ref=sr_1_230?ie=UTF8&qid=1534925997&sr=8-230&keywords=automation+books,"Procedures & Theory for Administrative ProfessionalsJan 1, 2012","$ 16 27 "
Exploring Microsoft Office Access 2016 Comprehensive (Exploring for Office 2016 Series),https://www.amazon.com/Exploring-Microsoft-Office-Access-Comprehensive/dp/0134479459/ref=sr_1_231?ie=UTF8&qid=1534925997&sr=8-231&keywords=automation+books,"Exploring Microsoft Office Access 2016 Comprehensive (Exploring for Office 2016 Series)Mar 31, 2016","$ 20 36 "
Automation: The Future of Weed Control in Cropping Systems,https://www.amazon.com/Automation-Future-Control-Cropping-Systems/dp/9400775113/ref=sr_1_232?ie=UTF8&qid=1534925997&sr=8-232&keywords=automation+books,"Automation: The Future of Weed Control in Cropping SystemsNov 21, 2013","$ 141 18 "
"Selenium WebDriver 3 Practical Guide: End-to-end automation testing for web and mobile browsers with Selenium WebDriver, 2nd Edition",https://www.amazon.com/Selenium-WebDriver-Practical-Guide-End-ebook/dp/B07BJKWB1J/ref=sr_1_233?ie=UTF8&qid=1534925997&sr=8-233&keywords=automation+books,by Unmesh Gundecha and Satya Avasarala,"$ 31 99 "
"Build Your Own Drone Manual: The practical guide to safely building, operating and maintaining an Unmanned Aerial Vehicle (UAV) (Haynes Owners' Workshop Manual)",https://www.amazon.com/Build-Your-Own-Drone-Manual/dp/0857338137/ref=sr_1_234?ie=UTF8&qid=1534925997&sr=8-234&keywords=automation+books,by Alex Elliott,"$ 29 06 "
PLC Programming Using RSLogix 500: Advanced Programming Concepts! (Volume 2),https://www.amazon.com/PLC-Programming-Using-RSLogix-500/dp/1515165981/ref=sr_1_235?ie=UTF8&qid=1534925997&sr=8-235&keywords=automation+books,"PLC Programming Using RSLogix 500: Advanced Programming Concepts! (Volume 2)Jul 20, 2015","$ 12 95 "
PHP - HTML for a customizable edit form (IT Easy Solutions - Programming & Office Automation Book 1),https://www.amazon.com/PHP-customizable-Solutions-Programming-Automation-ebook/dp/B0108NNFEG/ref=sr_1_236?ie=UTF8&qid=1534925997&sr=8-236&keywords=automation+books,by Gian Piero Taricco,
Jenkins 2: Up and Running: Evolve Your Deployment Pipeline for Next Generation Automation,https://www.amazon.com/Jenkins-Deployment-Pipeline-Generation-Automation/dp/1491979593/ref=sr_1_241?ie=UTF8&qid=1534925999&sr=8-241&keywords=automation+books,"Jenkins 2: Up and Running: Evolve Your Deployment Pipeline for Next Generation AutomationMay 31, 2018","$ 48 47 "
"Smart Homes For Aging Adults: Learn How Technology Can Help You to Age at Home Longer, Safer and More Comfortably (Smart Home Automation Essential Guides Book 4)",https://www.amazon.com/Smart-Homes-Aging-Adults-Comfortably-ebook/dp/B00K3IR37W/ref=sr_1_242?ie=UTF8&qid=1534925999&sr=8-242&keywords=automation+books,by Gerard O'Driscoll,
The Little Book of Sitecore® Tips: Volume 1,https://www.amazon.com/Little-Book-Sitecore%C2%AE-Tips/dp/1999774000/ref=sr_1_243?ie=UTF8&qid=1534925999&sr=8-243&keywords=automation+books,"The Little Book of Sitecore® Tips: Volume 1Dec 14, 2017","$ 9 99 "
Nest Smart Home Automation System Handbook: Discover How to Build Your Own Smart Home Using The Nest Ecosystem (Smart Home Automation Essential Guides) (Volume 5),https://www.amazon.com/Nest-Smart-Automation-System-Handbook/dp/1511615710/ref=sr_1_244?ie=UTF8&qid=1534925999&sr=8-244&keywords=automation+books,by Mr Gerard O'Driscoll,"$ 17 99 "
"Programming and Automating Cisco Networks: A guide to network programmability and automation in the data center, campus, and WAN (Networking Technology)",https://www.amazon.com/Programming-Automating-Cisco-Networks-programmability/dp/1587144654/ref=sr_1_245?ie=UTF8&qid=1534925999&sr=8-245&keywords=automation+books,by Ryan Tischer and Jason Gooley,"$ 44 44 "
Arduino Project Handbook: 25 Practical Projects to Get You Started,https://www.amazon.com/Arduino-Project-Handbook-Practical-Projects/dp/1593276907/ref=sr_1_246?ie=UTF8&qid=1534925999&sr=8-246&keywords=automation+books,"Arduino Project Handbook: 25 Practical Projects to Get You StartedJun 1, 2016","$ 16 96 "
Player Piano: A Novel,https://www.amazon.com/Player-Piano-Novel-Kurt-Vonnegut/dp/0385333781/ref=sr_1_247?ie=UTF8&qid=1534925999&sr=8-247&keywords=automation+books,"Player Piano: A NovelJan 12, 1999","$ 13 47 "
Microsoft Office Automation with Visual FoxPro,https://www.amazon.com/Microsoft-Office-Automation-Visual-FoxPro/dp/0965509303/ref=sr_1_248?ie=UTF8&qid=1534925999&sr=8-248&keywords=automation+books,Microsoft Office Automation with Visual FoxProJun 2000,
"MeshBook: MESH Cook Book for Home Automation, IoT, and Robots (MESHBOOK Series) (Volume 1)",https://www.amazon.com/MeshBook-MESH-Automation-Robots-MESHBOOK/dp/1530777925/ref=sr_1_249?ie=UTF8&qid=1534925999&sr=8-249&keywords=automation+books,"MeshBook: MESH Cook Book for Home Automation, IoT, and Robots (MESHBOOK Series) (Volume 1)May 13, 2016","$ 12 88 "
PLC Programming using RSLogix 500: Basic Concepts of Ladder Logic Programming! (Volume 1),https://www.amazon.com/PLC-Programming-using-RSLogix-500/dp/1511770341/ref=sr_1_250?ie=UTF8&qid=1534925999&sr=8-250&keywords=automation+books,"PLC Programming using RSLogix 500: Basic Concepts of Ladder Logic Programming! (Volume 1)Apr 15, 2015","$ 12 95 "
PLC Logics and HMI Screens for Advanced Real Time Clock Automation: A pratical approach to occupancy and watering schedule using IEC 61131 - 3 Ladder Logic (AUTOMATION RECIPES),https://www.amazon.com/Logics-Screens-Advanced-Clock-Automation/dp/1980718776/ref=sr_1_251?ie=UTF8&qid=1534925999&sr=8-251&keywords=automation+books,by Rosario Cirrito,"$ 15 99 "
"Programming Siemens Step 7 (TIA Portal), a Practical and Understandable Approach",https://www.amazon.com/Programming-Siemens-Practical-Understandable-Approach/dp/151503657X/ref=sr_1_252?ie=UTF8&qid=1534925999&sr=8-252&keywords=automation+books,"Programming Siemens Step 7 (TIA Portal), a Practical and Understandable ApproachJul 19, 2015","$ 59 95 "
Post-parametric Automation in Design and Construction,https://www.amazon.com/Post-parametric-Automation-Design-Construction-Alfredo/dp/1608076938/ref=sr_1_257?ie=UTF8&qid=1534926001&sr=8-257&keywords=automation+books,"Post-parametric Automation in Design and ConstructionNov 16, 2014","$ 109 00 "
"Amazon Echo Spot - The Complete User Guide: Learn to Use Your Echo Spot Like A Pro (Alexa & Echo Spot Setup, Tips and Tricks)",https://www.amazon.com/Amazon-Echo-Spot-Complete-Tricks/dp/1979896712/ref=sr_1_258?ie=UTF8&qid=1534926001&sr=8-258&keywords=automation+books,by CJ Andersen and Echo Spot,"$ 9 89 "
5S for Operators: 5 Pillars of the Visual Workplace (For Your Organization!) (Volume 2),https://www.amazon.com/5S-Operators-Pillars-Workplace-Organization/dp/1563271230/ref=sr_1_259?ie=UTF8&qid=1534926001&sr=8-259&keywords=automation+books,"5S for Operators: 5 Pillars of the Visual Workplace (For Your Organization!) (Volume 2)Mar 3, 1996","$ 29 33 "
The Ultimate Guide to Google Sheets: Everything you need to build powerful spreadsheet workflows in Google Sheets (Zapier App Guides Book 7),https://www.amazon.com/Ultimate-Guide-Google-Sheets-spreadsheet-ebook/dp/B01IMV1NH2/ref=sr_1_260?ie=UTF8&qid=1534926001&sr=8-260&keywords=automation+books,by Matthew Guay and Michael Grubbs,"$ 0 00 "
PowerShell 6.0 Linux Administration Cookbook: Over 150 recipes to leverage Microsoft's open source automation framework and command line shell,https://www.amazon.com/PowerShell-6-0-Linux-Administration-Cookbook/dp/1789137233/ref=sr_1_261?ie=UTF8&qid=1534926001&sr=8-261&keywords=automation+books,by Prashanth Jayaram;Ram Iyer,"$ 39 99 "
Learn How To Program And Troubleshoot Ladder Logic,https://www.amazon.com/Learn-Program-Troubleshoot-Ladder-Logic/dp/1508474923/ref=sr_1_262?ie=UTF8&qid=1534926001&sr=8-262&keywords=automation+books,"Learn How To Program And Troubleshoot Ladder LogicFeb 5, 2015","$ 23 99 "
101 Tips for a Successful Automation Career,https://www.amazon.com/101-Tips-Successful-Automation-Career/dp/1937560503/ref=sr_1_263?ie=UTF8&qid=1534926001&sr=8-263&keywords=automation+books,"101 Tips for a Successful Automation CareerJul 15, 2010","$ 79 00 "
"The Fourth Age: Smart Robots, Conscious Computers, and the Future of Humanity",https://www.amazon.com/Fourth-Age-Conscious-Computers-Humanity/dp/1501158562/ref=sr_1_264?ie=UTF8&qid=1534926001&sr=8-264&keywords=automation+books,"The Fourth Age: Smart Robots, Conscious Computers, and the Future of HumanityApr 24, 2018","$ 24 30 "
Team Human,https://www.amazon.com/Team-Human-Douglas-Rushkoff/dp/039365169X/ref=sr_1_265?ie=UTF8&qid=1534926001&sr=8-265&keywords=automation+books,"Team HumanJan 22, 2019 | Deckle Edge","$ 23 95 "
LiPing New Flower Heart DIY Exquisite Modeling Metal Cutting Dies Stencils Creative Cutting Dies Stamp Stencils Scrapbooking Photo Album Greeting Gift Card Decor Craft (A),https://www.amazon.com/LiPing-Exquisite-Modeling-Stencils-Scrapbooking/dp/B07D721LYL/ref=sr_1_266?ie=UTF8&qid=1534926001&sr=8-266&keywords=automation+books,by LiPing,
SAM 2013 Assessment and Training v1.0 Printed Access Card,https://www.amazon.com/2013-Assessment-Training-Printed-Access/dp/1285458508/ref=sr_1_267?ie=UTF8&qid=1534926001&sr=8-267&keywords=automation+books,"SAM 2013 Assessment and Training v1.0 Printed Access CardMay 13, 2013","$ 90 79 "
Automate it! - Recipes to upskill your business,https://www.amazon.com/Automate-Recipes-upskill-your-business/dp/1786460513/ref=sr_1_268?ie=UTF8&qid=1534926001&sr=8-268&keywords=automation+books,"Automate it! - Recipes to upskill your businessJan 31, 2017","$ 39 99 "
Industrial Automated Systems: Instrumentation and Motion Control,https://www.amazon.com/Industrial-Automated-Systems-Instrumentation-Control/dp/1435488881/ref=sr_1_273?ie=UTF8&qid=1534926002&sr=8-273&keywords=automation+books,"Industrial Automated Systems: Instrumentation and Motion ControlJun 8, 2010","$ 30 25 "
Python Automation Cookbook: Explore the exciting world of automation through engaging recipes that will enhance your skills,https://www.amazon.com/Python-Automation-Cookbook-exciting-automation/dp/1789133807/ref=sr_1_274?ie=UTF8&qid=1534926002&sr=8-274&keywords=automation+books,by Jaime Buelta,"$ 34 99 "
Practical AutoHotkey: How to get faster at work with text expansion and automation.,https://www.amazon.com/Practical-AutoHotkey-faster-expansion-automation-ebook/dp/B06XTBBZYB/ref=sr_1_275?ie=UTF8&qid=1534926002&sr=8-275&keywords=automation+books,"Practical AutoHotkey: How to get faster at work with text expansion and automation.Mar 22, 2017",
The Excellence Dividend: Meeting the Tech Tide with Work That Wows and Jobs That Last,https://www.amazon.com/Excellence-Dividend-Meeting-Tech-Tide/dp/0525434623/ref=sr_1_276?ie=UTF8&qid=1534926002&sr=8-276&keywords=automation+books,"The Excellence Dividend: Meeting the Tech Tide with Work That Wows and Jobs That LastApr 3, 2018","$ 11 55 "
Secure Processors Part II: Intel SGX Security Analysis and MIT Sanctum Architecture (Foundations and Trends(r) in Electronic Design Automation),https://www.amazon.com/Secure-Processors-Part-Architecture-Foundations/dp/1680833022/ref=sr_1_277?ie=UTF8&qid=1534926002&sr=8-277&keywords=automation+books,by Victor Costan and Ilia Lebedev,"$ 58 20 "
"Security Automation with Ansible 2: Leverage Ansible 2 to automate complex security tasks like application security, network security, and malware analysis",https://www.amazon.com/Security-Automation-Ansible-Leverage-application/dp/1788394518/ref=sr_1_278?ie=UTF8&qid=1534926002&sr=8-278&keywords=automation+books,by Madhu Akula and Akash Mahajan,"$ 44 99 "
Automation Testing with UFT: A Beginner's Guide,https://www.amazon.com/Automation-Testing-UFT-Beginners-Guide/dp/1499324308/ref=sr_1_279?ie=UTF8&qid=1534926002&sr=8-279&keywords=automation+books,"Automation Testing with UFT: A Beginner's GuideMay 1, 2014","$ 15 00 "
Programming LEGO® EV3 My Blocks: Teaching Concepts and Preparing for FLL® Competition (Technology in Action),https://www.amazon.com/Programming-LEGO%C2%AE-EV3-Blocks-Competition/dp/1484234375/ref=sr_1_280?ie=UTF8&qid=1534926002&sr=8-280&keywords=automation+books,by Gene Harding,"$ 14 99 "
Home Automation with the Raspberry Pi: Build Home Automation Systems Using The Power of The Raspberry Pi,https://www.amazon.com/Home-Automation-Raspberry-Pi-Systems-ebook/dp/B00S6QL7DY/ref=sr_1_281?ie=UTF8&qid=1534926002&sr=8-281&keywords=automation+books,by Marco Schwartz,"$ 4 99 "
"MICRA #1, VF, Mind Controlled Remote Automation, Comics Interview, 1986",https://www.amazon.com/Controlled-Remote-Automation-Comics-Interview/dp/B079K527XS/ref=sr_1_282?ie=UTF8&qid=1534926002&sr=8-282&keywords=automation+books,"MICRA #1, VF, Mind Controlled Remote Automation, Comics Interview, 1986",
Systems Analysis and Design (9th Edition),https://www.amazon.com/Systems-Analysis-Design-Kenneth-Kendall/dp/0133023443/ref=sr_1_283?ie=UTF8&qid=1534926002&sr=8-283&keywords=automation+books,"Systems Analysis and Design (9th Edition)Jan 21, 2013","$ 39 99 "
1PC Scrapbooking Silicone Mould Resin Molds for Notebook Book Cover Molds Making DIY Decorative Craft Tool,https://www.amazon.com/Scrapbooking-Silicone-Notebook-Making-Decorative/dp/B07BMXB7NZ/ref=sr_1_284?ie=UTF8&qid=1534926002&sr=8-284&keywords=automation+books,by LEO_Home Decor,
GULP: Getting Started,https://www.amazon.com/GULP-Getting-Started-Qaizar-Qadir-ebook/dp/B0768JTDQ9/ref=sr_1_289?ie=UTF8&qid=1534926004&sr=8-289&keywords=automation+books,"GULP: Getting StartedOct 6, 2017",
"Email Marketing: Email Marketing Bluepring 2015: An Absolute Beginners Guide to: Email Marketing Strategies-Email Marketing Mastery-Email marketing for ... marketing automation, email marketing book)",https://www.amazon.com/Email-Marketing-Strategies-Email-Mastery-Email-automation-ebook/dp/B00Q52IZV8/ref=sr_1_290?ie=UTF8&qid=1534926004&sr=8-290&keywords=automation+books,by Roger Taylor,
Introducing Artificial Intelligence: A Graphic Guide,https://www.amazon.com/Introducing-Artificial-Intelligence-Graphic-Guide/dp/1848312148/ref=sr_1_291?ie=UTF8&qid=1534926004&sr=8-291&keywords=automation+books,"Introducing Artificial Intelligence: A Graphic GuideJul 17, 2012","$ 9 95 "
"Open-Source Robotics and Process Control Cookbook: Designing and Building Robust, Dependable Real-time Systems",https://www.amazon.com/Open-Source-Robotics-Process-Control-Cookbook/dp/0750677783/ref=sr_1_292?ie=UTF8&qid=1534926004&sr=8-292&keywords=automation+books,by Lewin Edwards,"$ 36 52 "
"Electronic Design Automation for IC Implementation, Circuit Design, and Process Technology",https://www.amazon.com/Electronic-Automation-Implementation-Circuit-Technology/dp/1138586013/ref=sr_1_293?ie=UTF8&qid=1534926004&sr=8-293&keywords=automation+books,"Electronic Design Automation for IC Implementation, Circuit Design, and Process TechnologyMar 31, 2018","$ 79 95 "
Definitive Guide to Apple's HomeKit Smart Home Automation System,https://www.amazon.com/Definitive-Apples-HomeKit-Automation-System/dp/1520337876/ref=sr_1_294?ie=UTF8&qid=1534926004&sr=8-294&keywords=automation+books,"Definitive Guide to Apple's HomeKit Smart Home Automation SystemJan 16, 2017","$ 9 99 "
"Selenium WebDriver automation tool training with Java code and programs, eclipse, TestNG, POM framework, Practical Guide, Tips and Tricks, example test case, step by step tutorial: Automation Testing",https://www.amazon.com/Selenium-WebDriver-automation-framework-Practical-ebook/dp/B0746F5XLV/ref=sr_1_295?ie=UTF8&qid=1534926004&sr=8-295&keywords=automation+books,by Pratik Raju,
Robot Programming: A Guide to Controlling Autonomous Robots,https://www.amazon.com/Robot-Programming-Controlling-Autonomous-Robots/dp/0789755009/ref=sr_1_296?ie=UTF8&qid=1534926004&sr=8-296&keywords=automation+books,"Robot Programming: A Guide to Controlling Autonomous RobotsMay 12, 2016","$ 12 99 "
Raspberry Pi 3: Programming and Projects from Beginner to Expert,https://www.amazon.com/Raspberry-Pi-Programming-Projects-Beginner-ebook/dp/B0795LBZW2/ref=sr_1_297?ie=UTF8&qid=1534926004&sr=8-297&keywords=automation+books,"Raspberry Pi 3: Programming and Projects from Beginner to ExpertJan 19, 2018",
"Social Media: Strategies to Mastering Your Brand: Facebook, Instagram, Twitter and Snapchat",https://www.amazon.com/Social-Media-Strategies-Mastering-Instagram/dp/B01LXV4BS7/ref=sr_1_298?ie=UTF8&qid=1534926004&sr=8-298&keywords=automation+books,by David Kelly and Martin James,
The Kitty Hawk Venture: A Novel About Continuous Testing in DevOps to Support Continuous Delivery and Business Success,https://www.amazon.com/Kitty-Hawk-Venture-Continuous-Delivery/dp/1484236602/ref=sr_1_299?ie=UTF8&qid=1534926004&sr=8-299&keywords=automation+books,by Jeffrey Scheaffer and Aruna Ravichandran,"$ 27 99 "
(Part 1) You Must Learn VBScript for QTP/UFT: Don't Ignore The Language For Functional Automation Testing,https://www.amazon.com/Part-You-Must-Learn-VBScript-ebook/dp/B019L39994/ref=sr_1_300?ie=UTF8&qid=1534926004&sr=8-300&keywords=automation+books,"by Jones II, Rex Allen","$ 0 00 "
Home Automation and Security Projects for Raspberry Pi (Book 2),https://www.amazon.com/Home-Automation-Security-Projects-Raspberry/dp/1521285950/ref=sr_1_305?ie=UTF8&qid=1534926006&sr=8-305&keywords=automation+books,"Home Automation and Security Projects for Raspberry Pi (Book 2)May 17, 2017","$ 14 99 "
Introduction to Stochastic Control Theory (Dover Books on Electrical Engineering),https://www.amazon.com/Introduction-Stochastic-Control-Electrical-Engineering/dp/0486445313/ref=sr_1_306?ie=UTF8&qid=1534926006&sr=8-306&keywords=automation+books,"Introduction to Stochastic Control Theory (Dover Books on Electrical Engineering)Jan 6, 2006","$ 17 95 "
